Symbol,Series,Date,Prev Close,Open Price,High Price,Low Price,Last Price,Close Price,Average Price,Total Traded Quantity,Turnover,No. of Trades,Deliverable Qty,% Dly Qt to Traded Qty,Month,Year,PV,Day_Perc_Change,Trend
PVR,EQ,2017-05-15,1526.2,1532.35,1538.15,1515.45,1520.0,1524.95,1526.51,103693,158288331.55,7359,54518,52.58,May,2017,158126640.35,0.0,slight or no change
PVR,EQ,2017-05-16,1524.95,1526.7,1545.0,1526.65,1533.25,1539.0,1538.04,86547,133112885.8,6332,39020,45.09,May,2017,133195833.0,0.9213416833338872,slight positive
PVR,EQ,2017-05-17,1539.0,1539.7,1552.85,1526.05,1527.0,1530.3,1538.01,73902,113662177.5,4665,21303,28.83,May,2017,113092230.6,-0.5653021442495132,slight negative
PVR,EQ,2017-05-18,1530.3,1525.0,1539.35,1502.2,1514.9,1515.05,1519.68,82125,124803466.6,2903,38796,47.24,May,2017,124423481.25,-0.9965366268052,slight negative
PVR,EQ,2017-05-19,1515.05,1515.0,1534.5,1502.2,1517.65,1513.55,1513.25,114890,173856728.5,9495,54764,47.67,May,2017,173891759.5,-0.09900663344444283,slight or no change
PVR,EQ,2017-05-22,1513.55,1498.45,1522.0,1397.05,1492.0,1481.0,1473.33,449726,662596699.1,29357,179657,39.95,May,2017,666044206.0,-2.150573155825708,negative
PVR,EQ,2017-05-23,1481.0,1492.0,1515.0,1445.5,1497.0,1496.45,1476.7,318619,470503326.4,9260,179663,56.39,May,2017,476797402.55,1.0432140445644889,positive
PVR,EQ,2017-05-24,1496.45,1490.0,1530.05,1444.15,1452.0,1450.0,1484.3,107642,159772570.95,5923,33688,31.3,May,2017,156080900.0,-3.1040128303651993,among top losers
PVR,EQ,2017-05-25,1450.0,1450.0,1474.75,1439.05,1474.75,1461.15,1456.94,114328,166568939.3,3930,53461,46.76,May,2017,167050357.20000002,0.7689655172413934,slight positive
PVR,EQ,2017-05-26,1461.15,1463.1,1498.0,1451.0,1475.0,1471.5,1473.7,129323,190583763.05,7326,37335,28.87,May,2017,190298794.5,0.7083461656913981,slight positive
PVR,EQ,2017-05-29,1471.5,1460.05,1485.2,1460.05,1470.15,1472.85,1470.23,82565,121389935.6,2761,37285,45.16,May,2017,121605860.24999999,0.09174311926605228,slight or no change
PVR,EQ,2017-05-30,1472.85,1470.0,1487.9,1425.05,1447.5,1447.9,1455.43,205277,298765989.55,9267,25865,12.6,May,2017,297220568.3,-1.6939946362494407,negative
PVR,EQ,2017-05-31,1447.9,1440.1,1518.0,1440.1,1449.05,1454.95,1477.74,225319,332962606.95,14074,77117,34.23,May,2017,327827879.05,0.48691207956350624,slight or no change
PVR,EQ,2017-06-01,1454.95,1452.0,1469.7,1452.0,1455.0,1455.7,1459.95,59522,86899074.3,3090,23335,39.2,June,2017,86646175.4,0.051548163167125516,slight or no change
PVR,EQ,2017-06-02,1455.7,1457.3,1466.9,1452.35,1460.0,1457.8,1462.45,55880,81721545.75,2865,29238,52.32,June,2017,81461864.0,0.14426049323348344,slight or no change
PVR,EQ,2017-06-05,1457.8,1458.9,1464.65,1440.0,1444.0,1442.25,1452.1,102733,149178094.45,4617,51065,49.71,June,2017,148166669.25,-1.0666758128687004,negative
PVR,EQ,2017-06-06,1442.25,1445.0,1447.45,1378.85,1390.0,1392.85,1411.78,210916,297766684.65,16465,89785,42.57,June,2017,293774350.59999996,-3.4252036748136705,among top losers
PVR,EQ,2017-06-07,1392.85,1391.1,1409.0,1387.0,1400.0,1400.7,1400.17,165824,232182354.95,7911,70517,42.53,June,2017,232269676.8,0.5635926338083852,slight positive
PVR,EQ,2017-06-08,1400.7,1400.7,1498.5,1382.3,1461.0,1454.0,1465.71,596919,874912535.05,21846,142853,23.93,June,2017,867920226.0,3.805240237024332,among top gainers
PVR,EQ,2017-06-09,1454.0,1465.0,1479.85,1443.0,1470.0,1472.25,1471.65,403598,593954013.45,18344,241292,59.79,June,2017,594197155.5,1.2551581843191162,positive
PVR,EQ,2017-06-12,1472.25,1477.0,1507.0,1470.0,1495.0,1488.95,1492.22,306349,457140136.25,17326,98821,32.26,June,2017,456138343.55,1.1343182204109459,positive
PVR,EQ,2017-06-13,1488.95,1490.55,1505.0,1474.0,1500.0,1496.3,1489.41,195198,290729706.2,8620,101610,52.05,June,2017,292074767.4,0.49363645522011446,slight or no change
PVR,EQ,2017-06-14,1496.3,1505.5,1550.0,1490.6,1522.0,1522.5,1516.74,221887,336544508.35,10671,76207,34.34,June,2017,337822957.5,1.7509857648867255,positive
PVR,EQ,2017-06-15,1522.5,1525.0,1537.2,1515.0,1522.0,1523.5,1524.31,108982,166122862.9,5764,36017,33.05,June,2017,166034077.0,0.06568144499179418,slight or no change
PVR,EQ,2017-06-16,1523.5,1521.25,1575.0,1521.25,1569.25,1564.15,1554.11,253525,394006172.25,9899,122687,48.39,June,2017,396551128.75,2.6681982277650285,positive
PVR,EQ,2017-06-19,1564.15,1570.0,1589.95,1545.0,1563.1,1569.9,1567.24,192244,301291606.95,11220,63040,32.79,June,2017,301803855.6,0.36761180193716214,slight or no change
PVR,EQ,2017-06-20,1569.9,1574.0,1589.35,1560.6,1576.95,1570.3,1571.39,113049,177643618.9,11747,46220,40.88,June,2017,177520844.7,0.02547932989360735,slight or no change
PVR,EQ,2017-06-21,1570.3,1574.75,1601.0,1571.0,1581.0,1581.4,1587.72,281799,447419037.95,13220,107563,38.17,June,2017,445636938.6,0.7068712984779957,slight positive
PVR,EQ,2017-06-22,1581.4,1583.0,1593.75,1557.1,1564.9,1563.95,1577.11,84496,133259841.75,6312,33500,39.65,June,2017,132147519.2,-1.103452636904012,negative
PVR,EQ,2017-06-23,1563.95,1573.85,1576.85,1500.55,1502.2,1508.0,1536.0,249486,383210185.25,11393,111611,44.74,June,2017,376224888.0,-3.5774800984686217,among top losers
PVR,EQ,2017-06-27,1508.0,1509.0,1509.0,1445.0,1459.95,1450.35,1458.02,192943,281315062.4,10464,88049,45.63,June,2017,279834880.05,-3.8229442970822314,among top losers
PVR,EQ,2017-06-28,1450.35,1451.35,1458.95,1393.35,1410.85,1405.35,1420.0,238384,338504377.45,13282,116220,48.75,June,2017,335012954.4,-3.1026993484331356,among top losers
PVR,EQ,2017-06-29,1405.35,1406.1,1449.9,1406.1,1420.0,1417.6,1429.14,200303,286260827.25,9625,61637,30.77,June,2017,283949532.79999995,0.8716689792578336,slight positive
PVR,EQ,2017-06-30,1417.6,1420.0,1430.0,1383.4,1408.0,1408.55,1401.62,229464,321620535.4,22115,119244,51.97,June,2017,323211517.2,-0.6384029345372411,slight negative
PVR,EQ,2017-07-03,1408.55,1415.0,1444.0,1406.6,1440.0,1440.4,1433.98,197905,283792055.85,18581,72803,36.79,July,2017,285062362.0,2.2611905860636883,positive
PVR,EQ,2017-07-04,1440.4,1442.0,1445.0,1421.55,1421.6,1425.75,1430.29,63910,91409589.1,6096,22712,35.54,July,2017,91119682.5,-1.0170785892807621,negative
PVR,EQ,2017-07-05,1425.75,1425.8,1431.85,1402.1,1403.55,1407.2,1408.8,180666,254522799.25,10741,110937,61.4,July,2017,254233195.20000002,-1.301069612484651,negative
PVR,EQ,2017-07-06,1407.2,1414.15,1439.0,1408.0,1425.0,1421.2,1425.73,120416,171681176.2,14248,48969,40.67,July,2017,171135219.20000002,0.9948834565093767,slight positive
PVR,EQ,2017-07-07,1421.2,1424.25,1465.0,1415.0,1418.0,1419.05,1441.63,317775,458114598.9,16051,115716,36.41,July,2017,450938613.75,-0.15128060793696552,slight or no change
PVR,EQ,2017-07-10,1419.05,1430.2,1432.8,1418.2,1428.0,1425.4,1427.25,18091,25820466.05,936,8931,49.37,July,2017,25786911.400000002,0.4474824706670155,slight or no change
PVR,EQ,2017-07-11,1425.4,1423.0,1425.25,1410.0,1417.15,1419.3,1418.31,84915,120435871.9,5905,29124,34.3,July,2017,120519859.5,-0.4279500491090271,slight or no change
PVR,EQ,2017-07-12,1419.3,1422.0,1444.0,1415.05,1422.0,1419.6,1428.55,155733,222472988.8,14142,83388,53.55,July,2017,221078566.79999998,0.021137180300145886,slight or no change
PVR,EQ,2017-07-13,1419.6,1424.75,1439.9,1411.55,1418.05,1417.7,1423.41,86039,122468768.6,6790,28884,33.57,July,2017,121977490.3,-0.13384051845589662,slight or no change
PVR,EQ,2017-07-14,1417.7,1424.0,1425.95,1397.15,1404.05,1403.2,1408.63,164077,231124554.55,10041,107820,65.71,July,2017,230232846.4,-1.0227833815334653,negative
PVR,EQ,2017-07-17,1403.2,1406.0,1413.45,1370.15,1382.2,1381.95,1385.46,218713,303017140.8,11975,103877,47.49,July,2017,302250430.35,-1.5143956670467529,negative
PVR,EQ,2017-07-18,1381.95,1380.0,1394.0,1371.5,1384.0,1382.0,1382.95,211740,292826782.85,10090,148152,69.97,July,2017,292624680.0,0.0036180759072301782,slight or no change
PVR,EQ,2017-07-19,1382.0,1389.0,1401.3,1357.15,1385.3,1387.15,1377.9,336806,464085138.25,22936,187620,55.71,July,2017,467200442.90000004,0.372648335745307,slight or no change
PVR,EQ,2017-07-20,1387.15,1395.95,1413.45,1380.05,1383.5,1385.8,1395.62,378948,528868291.5,16032,206958,54.61,July,2017,525146138.4,-0.09732184695239177,slight or no change
PVR,EQ,2017-07-21,1385.8,1391.9,1392.0,1344.4,1370.95,1367.5,1371.28,252029,345601852.9,14355,120894,47.97,July,2017,344649657.5,-1.3205368740077938,negative
PVR,EQ,2017-07-24,1367.5,1370.0,1383.4,1367.0,1370.0,1369.4,1372.31,134339,184355075.65,11930,73412,54.65,July,2017,183963826.60000002,0.1389396709323698,slight or no change
PVR,EQ,2017-07-25,1369.4,1374.7,1398.0,1372.6,1381.0,1381.7,1386.8,243186,337250910.7,16199,133080,54.72,July,2017,336010096.2,0.8982035928143617,slight positive
PVR,EQ,2017-07-26,1381.7,1389.0,1404.45,1344.0,1357.0,1354.4,1378.73,686032,945852727.6,27060,246005,35.86,July,2017,929161740.8000001,-1.97582687993052,negative
PVR,EQ,2017-07-27,1354.4,1362.65,1368.6,1318.6,1340.0,1330.3,1336.26,332134,443818859.2,24648,134733,40.57,July,2017,441837860.2,-1.7793857058476137,negative
PVR,EQ,2017-07-28,1330.3,1339.35,1352.45,1323.8,1340.0,1340.0,1336.4,109277,146038131.2,6322,38091,34.86,July,2017,146431180.0,0.7291588363527168,slight positive
PVR,EQ,2017-07-31,1340.0,1339.5,1354.0,1331.25,1341.55,1340.55,1343.18,133803,179721358.9,11860,90357,67.53,July,2017,179369611.65,0.04104477611939217,slight or no change
PVR,EQ,2017-08-01,1340.55,1345.0,1378.0,1342.4,1377.0,1375.1,1366.97,301429,412043103.2,12980,191057,63.38,August,2017,414495017.9,2.577300361791801,positive
PVR,EQ,2017-08-02,1375.1,1380.0,1389.9,1372.35,1375.0,1377.65,1381.13,213112,294336008.2,9220,140077,65.73,August,2017,293593746.8,0.18544105883209205,slight or no change
PVR,EQ,2017-08-03,1377.65,1377.0,1385.0,1362.0,1373.2,1374.05,1375.63,202693,278830670.75,8319,151231,74.61,August,2017,278510316.65,-0.2613145573984732,slight or no change
PVR,EQ,2017-08-04,1374.05,1374.7,1408.25,1370.55,1400.0,1400.2,1397.94,285632,399297659.0,20296,123494,43.24,August,2017,399941926.40000004,1.903133073760066,positive
PVR,EQ,2017-08-07,1400.2,1405.0,1437.2,1381.1,1431.4,1430.45,1413.69,290183,410227956.3,15549,121711,41.94,August,2017,415092272.35,2.1604056563348184,positive
PVR,EQ,2017-08-08,1430.45,1437.2,1445.0,1383.6,1410.0,1409.65,1416.52,293605,415896598.5,12056,159940,54.47,August,2017,413880288.25,-1.454087874445098,negative
PVR,EQ,2017-08-09,1409.65,1415.0,1430.0,1352.2,1354.2,1358.0,1379.84,228114,314761138.6,19681,111571,48.91,August,2017,309778812.0,-3.6640300783882584,among top losers
PVR,EQ,2017-08-10,1358.0,1349.0,1380.75,1301.1,1339.35,1332.6,1352.85,247374,334661007.05,12146,138339,55.92,August,2017,329650592.4,-1.8703976435935243,negative
PVR,EQ,2017-08-11,1332.6,1319.0,1340.4,1261.0,1284.65,1285.9,1297.19,354851,460309395.05,16208,136740,38.53,August,2017,456302900.90000004,-3.5044274350892857,among top losers
PVR,EQ,2017-08-14,1285.9,1284.9,1307.9,1225.0,1293.0,1288.0,1268.79,401325,509197765.9,16925,162694,40.54,August,2017,516906600.0,0.16330974414806576,slight or no change
PVR,EQ,2017-08-16,1288.0,1290.05,1333.45,1274.05,1328.0,1329.2,1296.35,363066,470660546.45,18155,254727,70.16,August,2017,482587327.2,3.1987577639751574,among top gainers
PVR,EQ,2017-08-17,1329.2,1329.0,1339.55,1296.5,1304.95,1301.25,1319.87,183800,242591771.9,10502,76560,41.65,August,2017,239169750.0,-2.102768582606085,negative
PVR,EQ,2017-08-18,1301.25,1300.85,1329.0,1285.0,1315.35,1321.75,1304.72,114016,148758735.5,7654,36631,32.13,August,2017,150700648.0,1.5754082612872145,positive
PVR,EQ,2017-08-21,1321.75,1321.75,1328.25,1274.0,1278.35,1280.65,1290.21,160371,206912135.05,7123,76369,47.62,August,2017,205379121.15,-3.1095139020238305,among top losers
PVR,EQ,2017-08-22,1280.65,1280.65,1295.0,1249.0,1270.4,1272.35,1268.66,177930,225731937.8,13303,94365,53.03,August,2017,226389235.49999997,-0.6481083824620426,slight negative
PVR,EQ,2017-08-23,1272.35,1273.0,1282.9,1250.0,1257.7,1255.45,1259.46,173261,218215021.35,10919,92534,53.41,August,2017,217520522.45000002,-1.3282508743663213,negative
PVR,EQ,2017-08-24,1255.45,1258.0,1272.0,1253.3,1264.0,1263.55,1262.86,103862,131163063.45,7002,46965,45.22,August,2017,131234830.1,0.645186984746493,slight positive
PVR,EQ,2017-08-28,1263.55,1265.0,1284.5,1258.75,1282.65,1276.25,1271.54,183234,232989955.65,19477,104440,57.0,August,2017,233852392.5,1.0051046654267815,positive
PVR,EQ,2017-08-29,1276.25,1275.0,1283.55,1253.1,1263.15,1261.5,1266.11,120692,152809276.4,5951,44382,36.77,August,2017,152252958.0,-1.1557296767874647,negative
PVR,EQ,2017-08-30,1261.5,1269.4,1314.0,1266.85,1311.5,1309.95,1294.4,184144,238355169.85,13165,56150,30.49,August,2017,241219432.8,3.84066587395957,among top gainers
PVR,EQ,2017-08-31,1309.95,1307.9,1330.0,1297.1,1322.0,1321.45,1313.26,164554,216102550.25,8247,72235,43.9,August,2017,217449883.3,0.8778961029046961,slight positive
PVR,EQ,2017-09-01,1321.45,1322.0,1350.0,1309.9,1328.55,1323.4,1331.34,208183,277163161.45,17580,84359,40.52,September,2017,275509382.20000005,0.14756517461880225,slight or no change
PVR,EQ,2017-09-04,1323.4,1322.0,1330.95,1296.15,1301.05,1310.25,1312.69,94097,123520432.4,6439,12983,13.8,September,2017,123290594.25,-0.9936527127096917,slight negative
PVR,EQ,2017-09-05,1310.25,1310.0,1310.0,1285.8,1307.0,1304.9,1299.31,132512,172173999.95,6020,25558,19.29,September,2017,172914908.8,-0.40831902308718915,slight or no change
PVR,EQ,2017-09-06,1304.9,1304.1,1324.0,1296.75,1310.05,1308.4,1312.85,130353,171134274.05,5693,31945,24.51,September,2017,170553865.20000002,0.2682197869568581,slight or no change
PVR,EQ,2017-09-07,1308.4,1310.0,1338.0,1303.25,1319.95,1323.65,1325.44,122640,162552380.05,6616,19182,15.64,September,2017,162332436.0,1.165545704677462,positive
PVR,EQ,2017-09-08,1323.65,1322.0,1374.45,1322.0,1371.0,1366.35,1361.4,335483,456725511.4,17634,52547,15.66,September,2017,458387197.04999995,3.225928304310033,among top gainers
PVR,EQ,2017-09-11,1366.35,1378.0,1388.8,1338.3,1348.9,1344.85,1362.56,303111,413007096.9,15222,83583,27.58,September,2017,407638828.34999996,-1.5735353313572675,negative
PVR,EQ,2017-09-12,1344.85,1349.7,1365.0,1341.0,1347.25,1346.85,1354.15,99652,134943864.7,7670,21016,21.09,September,2017,134216296.19999999,0.1487154701267812,slight or no change
PVR,EQ,2017-09-13,1346.85,1349.05,1362.95,1316.05,1327.0,1323.35,1342.11,96710,129795232.95,6756,23114,23.9,September,2017,127981178.49999999,-1.7448119686676367,negative
PVR,EQ,2017-09-14,1323.35,1334.7,1345.6,1318.0,1318.25,1321.35,1329.26,72627,96540075.1,6133,31172,42.92,September,2017,95965686.44999999,-0.15113159783881613,slight or no change
PVR,EQ,2017-09-15,1321.35,1325.0,1357.0,1310.0,1335.35,1336.35,1340.24,193013,258683787.3,13279,88227,45.71,September,2017,257932922.54999998,1.135202633670107,positive
PVR,EQ,2017-09-18,1336.35,1348.0,1355.0,1321.65,1334.25,1329.3,1335.07,81988,109460025.15,6677,40762,49.72,September,2017,108986648.39999999,-0.5275564036367641,slight negative
PVR,EQ,2017-09-19,1329.3,1335.0,1350.0,1320.1,1339.0,1337.8,1335.4,72193,96406610.85,5606,18417,25.51,September,2017,96579795.39999999,0.639434288723395,slight positive
PVR,EQ,2017-09-20,1337.8,1338.15,1347.2,1300.0,1308.0,1310.0,1325.14,125823,166732657.3,12654,52772,41.94,September,2017,164828130.0,-2.0780385707878546,negative
PVR,EQ,2017-09-21,1310.0,1315.9,1324.95,1275.75,1282.45,1281.2,1289.81,339178,437476759.35,25479,188870,55.68,September,2017,434554853.6,-2.1984732824427478,negative
PVR,EQ,2017-09-22,1281.2,1274.0,1274.0,1209.4,1224.9,1217.7,1242.22,335055,416210881.35,17688,181207,54.08,September,2017,407996473.5,-4.956290977208866,among top losers
PVR,EQ,2017-09-25,1217.7,1228.7,1228.7,1166.65,1211.35,1214.9,1195.57,366125,437729220.8,14216,170706,46.63,September,2017,444805262.50000006,-0.22994169335632808,slight or no change
PVR,EQ,2017-09-26,1214.9,1210.0,1244.0,1190.25,1201.05,1211.85,1213.97,212923,258481381.55,10109,73940,34.73,September,2017,258030737.54999998,-0.2510494690921239,slight or no change
PVR,EQ,2017-09-27,1211.85,1210.1,1233.05,1165.0,1168.0,1174.6,1195.05,203339,242999396.1,11926,58489,28.76,September,2017,238841989.39999998,-3.0738127656063097,among top losers
PVR,EQ,2017-09-28,1174.6,1177.9,1205.95,1142.05,1188.0,1194.65,1185.32,332099,393644793.05,18503,98063,29.53,September,2017,396742070.35,1.706964072875894,positive
PVR,EQ,2017-09-29,1194.65,1202.0,1232.9,1186.0,1212.0,1204.9,1210.33,213881,258866942.9,10600,47274,22.1,September,2017,257705216.9,0.8579918804670905,slight positive
PVR,EQ,2017-10-03,1204.9,1216.0,1238.25,1210.25,1230.0,1221.05,1224.08,129232,158190665.8,6728,33456,25.89,October,2017,157798733.6,1.3403601958668743,positive
PVR,EQ,2017-10-04,1221.05,1220.1,1278.0,1220.1,1273.5,1268.6,1249.81,320762,400890408.3,14237,116906,36.45,October,2017,406918673.2,3.8941894271323774,among top gainers
PVR,EQ,2017-10-05,1268.6,1275.0,1324.2,1268.05,1296.0,1293.45,1298.46,404082,524683818.05,12420,188054,46.54,October,2017,522659862.90000004,1.9588522781018636,positive
PVR,EQ,2017-10-06,1293.45,1311.9,1321.95,1292.85,1310.0,1313.65,1305.54,234043,305552391.35,6068,107969,46.13,October,2017,307450586.95000005,1.5617147937686093,positive
PVR,EQ,2017-10-09,1313.65,1314.0,1396.1,1310.15,1391.6,1387.6,1359.77,437638,595085793.1,24655,169895,38.82,October,2017,607266488.8,5.629353328512154,among top gainers
PVR,EQ,2017-10-10,1387.6,1400.0,1415.0,1356.0,1379.0,1376.65,1382.78,282768,391005880.65,13763,56984,20.15,October,2017,389272567.20000005,-0.7891323147881102,slight negative
PVR,EQ,2017-10-11,1376.65,1382.0,1403.15,1330.5,1345.0,1335.65,1369.08,216793,296808041.8,14933,56232,25.94,October,2017,289559570.45000005,-2.978244288671772,negative
PVR,EQ,2017-10-12,1335.65,1335.0,1360.0,1334.95,1357.0,1352.7,1349.35,149647,201925632.25,6319,42845,28.63,October,2017,202427496.9,1.2765320256055146,positive
PVR,EQ,2017-10-13,1352.7,1356.0,1434.0,1344.65,1386.0,1404.1,1393.13,438244,610530593.05,20456,90039,20.55,October,2017,615338400.4,3.7998077918237394,among top gainers
PVR,EQ,2017-10-16,1404.1,1389.85,1403.9,1362.0,1371.0,1372.1,1380.34,280485,387165255.95,12320,127363,45.41,October,2017,384853468.5,-2.279039954419204,negative
PVR,EQ,2017-10-17,1372.1,1372.0,1393.45,1348.0,1385.0,1387.6,1362.97,449521,612684768.6,18136,102567,22.82,October,2017,623755339.5999999,1.1296552729392895,positive
PVR,EQ,2017-10-18,1387.6,1378.1,1385.0,1359.95,1372.0,1369.1,1371.25,311307,426878605.5,12642,195046,62.65,October,2017,426210413.7,-1.3332372441625884,negative
PVR,EQ,2017-10-19,1369.1,1374.0,1387.0,1355.0,1356.9,1362.65,1369.6,22247,30469543.1,1729,5911,26.57,October,2017,30314874.55,-0.47111240961213996,slight or no change
PVR,EQ,2017-10-23,1362.65,1361.05,1423.05,1361.05,1418.0,1415.75,1397.01,186223,260155376.4,12313,71257,38.26,October,2017,263645212.25,3.8968186988588283,among top gainers
PVR,EQ,2017-10-24,1415.75,1420.0,1448.0,1413.8,1423.0,1420.85,1434.65,333438,478365418.5,17774,130200,39.05,October,2017,473765382.29999995,0.36023309200070575,slight or no change
PVR,EQ,2017-10-25,1420.85,1430.0,1433.8,1368.1,1389.6,1388.85,1391.69,206081,286800350.4,12941,62560,30.36,October,2017,286215596.84999996,-2.252172995038182,negative
PVR,EQ,2017-10-26,1388.85,1395.0,1430.0,1390.0,1427.5,1421.45,1413.64,232745,329017486.6,17460,133171,57.22,October,2017,330835380.25,2.3472657234402616,positive
PVR,EQ,2017-10-27,1421.45,1410.0,1436.05,1331.45,1420.0,1421.2,1395.27,762643,1064090228.45,32428,70983,9.31,October,2017,1083868231.6000001,-0.017587674557673072,slight or no change
PVR,EQ,2017-10-30,1421.2,1425.0,1430.0,1390.1,1398.95,1397.45,1404.09,192813,270726282.05,8499,36577,18.97,October,2017,269446526.85,-1.6711229946524075,negative
PVR,EQ,2017-10-31,1397.45,1393.0,1404.95,1380.25,1390.0,1387.15,1394.65,115197,160658949.1,7258,32888,28.55,October,2017,159795518.55,-0.7370567819957707,slight negative
PVR,EQ,2017-11-01,1387.15,1408.7,1408.7,1368.0,1379.95,1377.5,1386.29,75708,104953058.3,3514,21211,28.02,November,2017,104287770.0,-0.6956709800670535,slight negative
PVR,EQ,2017-11-02,1377.5,1385.0,1388.25,1353.0,1361.6,1363.7,1367.68,112786,154255285.6,8060,34531,30.62,November,2017,153806268.20000002,-1.00181488203267,negative
PVR,EQ,2017-11-03,1363.7,1361.6,1384.9,1357.0,1364.95,1364.65,1373.32,122714,168525522.05,6930,31312,25.52,November,2017,167461660.10000002,0.0696634157072662,slight or no change
PVR,EQ,2017-11-06,1364.65,1372.75,1415.0,1365.05,1405.05,1403.55,1404.0,168249,236222036.35,10454,65279,38.8,November,2017,236145883.95,2.850547759498756,positive
PVR,EQ,2017-11-07,1403.55,1406.9,1418.4,1336.55,1343.0,1344.5,1368.39,190385,260520615.45,9613,38958,20.46,November,2017,255972632.5,-4.207188913825655,among top losers
PVR,EQ,2017-11-08,1344.5,1354.5,1383.0,1350.7,1380.85,1379.9,1367.67,105218,143903223.65,6659,36130,34.34,November,2017,145190318.20000002,2.6329490516920906,positive
PVR,EQ,2017-11-09,1379.9,1383.0,1400.0,1356.0,1371.85,1366.4,1375.33,112258,154391246.95,7056,35880,31.96,November,2017,153389331.20000002,-0.9783317631712474,slight negative
PVR,EQ,2017-11-10,1366.4,1378.9,1399.9,1362.55,1395.5,1394.3,1389.89,72183,100326351.35,4102,24411,33.82,November,2017,100644756.89999999,2.041861826697877,positive
PVR,EQ,2017-11-13,1394.3,1395.0,1440.5,1385.1,1397.7,1398.55,1421.59,311195,442392718.8,15737,74241,23.86,November,2017,435221767.25,0.3048124506920935,slight or no change
PVR,EQ,2017-11-14,1398.55,1412.15,1412.15,1373.5,1402.0,1390.25,1388.19,95558,132652228.95,4926,11380,11.91,November,2017,132849509.5,-0.5934718100890191,slight negative
PVR,EQ,2017-11-15,1390.25,1400.0,1422.0,1381.75,1392.0,1386.1,1402.2,152725,214151445.5,8823,37389,24.48,November,2017,211692122.5,-0.29850746268657025,slight or no change
PVR,EQ,2017-11-16,1386.1,1392.0,1409.05,1375.5,1394.0,1390.5,1390.49,130358,181261064.25,5681,26123,20.04,November,2017,181262799.0,0.3174374143279701,slight or no change
PVR,EQ,2017-11-17,1390.5,1415.0,1428.95,1390.0,1407.2,1408.05,1411.97,298987,422161988.35,11477,46207,15.45,November,2017,420988645.34999996,1.2621359223300876,positive
PVR,EQ,2017-11-20,1408.05,1408.05,1408.05,1366.15,1379.5,1380.35,1381.88,122552,169352732.8,5982,33563,27.39,November,2017,169164653.2,-1.9672596853804958,negative
PVR,EQ,2017-11-21,1380.35,1382.0,1397.9,1365.4,1367.4,1368.2,1382.55,258094,356826957.75,12130,51661,20.02,November,2017,353124210.8,-0.8802115405513011,slight negative
PVR,EQ,2017-11-22,1368.2,1354.0,1369.75,1311.4,1360.0,1356.15,1350.78,187387,253119463.95,8648,40391,21.55,November,2017,254124880.05,-0.880719193100421,slight negative
PVR,EQ,2017-11-23,1356.15,1363.0,1373.4,1340.2,1346.4,1349.1,1352.14,126107,170514294.15,7181,33884,26.87,November,2017,170130953.7,-0.5198539984515138,slight negative
PVR,EQ,2017-11-24,1349.1,1345.0,1345.0,1298.6,1303.25,1303.2,1315.91,297338,391270338.8,14958,142793,48.02,November,2017,387490881.6,-3.40226817878585,among top losers
PVR,EQ,2017-11-27,1303.2,1303.0,1325.0,1237.8,1312.0,1305.2,1293.49,373151,482668225.35,18073,159689,42.79,November,2017,487036685.2,0.15346838551257846,slight or no change
PVR,EQ,2017-11-28,1305.2,1301.1,1316.05,1281.5,1307.9,1308.65,1296.21,252913,327829279.35,11258,86384,34.16,November,2017,330974597.45000005,0.2643273061599727,slight or no change
PVR,EQ,2017-11-29,1308.65,1316.9,1317.0,1291.0,1310.4,1313.1,1304.99,134823,175942529.85,5931,29445,21.84,November,2017,177036081.29999998,0.3400450846291925,slight or no change
PVR,EQ,2017-11-30,1313.1,1306.35,1349.9,1291.85,1317.0,1315.95,1307.63,264775,346226433.25,9483,113152,42.74,November,2017,348430661.25,0.2170436371944362,slight or no change
PVR,EQ,2017-12-01,1315.95,1310.1,1337.45,1270.0,1285.1,1278.25,1307.62,180667,236244196.5,9042,49538,27.42,December,2017,230937592.75,-2.8648504882404335,negative
PVR,EQ,2017-12-04,1278.25,1289.0,1295.0,1263.55,1275.0,1275.35,1275.28,110992,141545768.3,7905,25963,23.39,December,2017,141553647.2,-0.22687267748876527,slight or no change
PVR,EQ,2017-12-05,1275.35,1275.0,1280.1,1250.1,1264.75,1269.7,1265.52,65874,83364871.05,7232,10054,15.26,December,2017,83640217.8,-0.4430156427647214,slight or no change
PVR,EQ,2017-12-06,1269.7,1275.0,1295.0,1264.0,1268.0,1269.7,1280.01,189854,243015507.7,15789,68485,36.07,December,2017,241057623.8,0.0,slight or no change
PVR,EQ,2017-12-07,1269.7,1273.0,1291.1,1266.55,1286.3,1286.9,1281.98,85964,110203950.65,8992,16493,19.19,December,2017,110627071.60000001,1.354650704890914,positive
PVR,EQ,2017-12-08,1286.9,1286.9,1315.9,1286.9,1299.9,1302.45,1301.84,201129,261837904.55,8648,56598,28.14,December,2017,261960466.05,1.2083300955785248,positive
PVR,EQ,2017-12-11,1302.45,1301.0,1323.0,1290.0,1296.9,1294.45,1310.51,159338,208813487.5,10748,50603,31.76,December,2017,206255074.1,-0.6142270336673139,slight negative
PVR,EQ,2017-12-12,1294.45,1299.0,1318.25,1292.55,1305.9,1307.6,1306.82,140147,183147507.15,8878,69967,49.92,December,2017,183256217.2,1.0158754683456284,positive
PVR,EQ,2017-12-13,1307.6,1300.55,1320.0,1292.0,1300.05,1302.1,1307.13,88306,115427132.95,4079,25381,28.74,December,2017,114983242.6,-0.42061792597124503,slight or no change
PVR,EQ,2017-12-14,1302.1,1316.9,1317.0,1280.0,1300.0,1298.6,1295.38,140642,182184944.7,6822,58175,41.36,December,2017,182637701.2,-0.2687965594040387,slight or no change
PVR,EQ,2017-12-15,1298.6,1302.1,1313.0,1293.45,1304.0,1303.85,1302.65,101787,132592912.85,7010,23518,23.11,December,2017,132714979.94999999,0.4042815339596384,slight or no change
PVR,EQ,2017-12-18,1303.85,1312.7,1338.0,1287.25,1336.0,1334.15,1325.36,154052,204174053.0,8224,68841,44.69,December,2017,205528475.8,2.323886950185994,positive
PVR,EQ,2017-12-19,1334.15,1350.0,1355.0,1331.0,1347.0,1346.4,1342.64,131176,176122678.15,7307,27604,21.04,December,2017,176615366.4,0.9181876100888164,slight positive
PVR,EQ,2017-12-20,1346.4,1349.9,1448.05,1339.0,1438.0,1425.25,1396.34,455938,636645912.7,16850,106420,23.34,December,2017,649825634.5,5.856357694592984,among top gainers
PVR,EQ,2017-12-21,1425.25,1430.0,1459.1,1424.05,1433.9,1437.4,1440.88,362769,522707660.75,11282,120426,33.2,December,2017,521444160.6,0.8524820206981198,slight positive
PVR,EQ,2017-12-22,1437.4,1460.0,1474.45,1435.0,1447.0,1441.1,1456.03,539384,785361942.7,19345,129270,23.97,December,2017,777306282.4,0.25740921107553216,slight or no change
PVR,EQ,2017-12-26,1441.1,1451.9,1455.0,1404.65,1413.0,1418.6,1429.46,225222,321946501.2,7562,59100,26.24,December,2017,319499929.2,-1.5613073346748996,negative
PVR,EQ,2017-12-27,1418.6,1423.0,1450.0,1416.3,1437.5,1432.25,1432.77,223844,320717481.1,7091,36840,16.46,December,2017,320600569.0,0.9622162695615444,slight positive
PVR,EQ,2017-12-28,1432.25,1445.0,1446.0,1400.75,1408.55,1408.55,1411.85,188262,265797673.5,5560,60575,32.18,December,2017,265176440.1,-1.6547390469541012,negative
PVR,EQ,2017-12-29,1408.55,1410.0,1429.0,1402.7,1416.7,1411.05,1414.86,151131,213829459.5,5876,37627,24.9,December,2017,213253397.54999998,0.17748748713215523,slight or no change
PVR,EQ,2018-01-01,1411.05,1424.0,1444.0,1411.3,1422.0,1423.75,1429.43,182104,260304447.15,6095,34997,19.22,January,2018,259270570.0,0.9000389780659868,slight positive
PVR,EQ,2018-01-02,1423.75,1438.0,1439.0,1398.0,1404.5,1402.8,1416.04,161070,228081814.9,6465,24831,15.42,January,2018,225948996.0,-1.4714661984196686,negative
PVR,EQ,2018-01-03,1402.8,1412.0,1423.85,1390.0,1399.55,1401.8,1411.9,143604,202754472.65,5148,29588,20.6,January,2018,201304087.2,-0.07128599942971547,slight or no change
PVR,EQ,2018-01-04,1401.8,1409.95,1417.5,1392.0,1395.0,1399.0,1405.66,94195,132405775.1,3661,24069,25.55,January,2018,131778805.0,-0.19974318733056995,slight or no change
PVR,EQ,2018-01-05,1399.0,1400.1,1423.0,1393.0,1419.7,1419.0,1406.49,305612,429840674.7,8900,140702,46.04,January,2018,433663428.0,1.4295925661186537,positive
PVR,EQ,2018-01-08,1419.0,1420.0,1469.0,1420.0,1466.0,1460.2,1444.29,311868,450429325.65,11484,109823,35.21,January,2018,455389653.6,2.9034531360112803,positive
PVR,EQ,2018-01-09,1460.2,1480.0,1499.85,1472.55,1483.75,1486.8,1488.6,524029,780071036.9,23447,195319,37.27,January,2018,779126317.1999999,1.8216682646212679,positive
PVR,EQ,2018-01-10,1486.8,1490.0,1490.0,1438.5,1475.0,1469.0,1464.34,164271,240549326.0,9224,59587,36.27,January,2018,241314099.0,-1.1972020446596732,negative
PVR,EQ,2018-01-11,1469.0,1469.0,1485.95,1455.1,1457.0,1460.75,1469.58,107845,158487344.9,9210,23305,21.61,January,2018,157534583.75,-0.561606535057857,slight negative
PVR,EQ,2018-01-12,1460.75,1461.0,1489.0,1454.0,1463.45,1463.15,1474.26,199778,294524503.0,8180,29362,14.7,January,2018,292305180.70000005,0.1642991613897138,slight or no change
PVR,EQ,2018-01-15,1463.15,1467.65,1478.0,1455.0,1458.15,1459.35,1464.2,75476,110511648.7,5073,27570,36.53,January,2018,110145900.6,-0.2597136315483861,slight or no change
PVR,EQ,2018-01-16,1459.35,1459.9,1463.4,1429.0,1443.0,1438.2,1444.43,97676,141086247.55,8633,27030,27.67,January,2018,140477623.20000002,-1.449275362318836,negative
PVR,EQ,2018-01-17,1438.2,1438.2,1479.9,1417.0,1474.0,1474.3,1448.4,168643,244261761.4,6741,36606,21.71,January,2018,248630374.9,2.5100820470031815,positive
PVR,EQ,2018-01-18,1474.3,1476.95,1504.7,1443.3,1454.05,1457.15,1478.04,338896,500903527.5,14517,44291,13.07,January,2018,493822306.40000004,-1.1632639218612129,negative
PVR,EQ,2018-01-19,1457.15,1464.8,1484.1,1455.05,1468.0,1469.05,1469.47,104438,153468326.15,6727,20333,19.47,January,2018,153424643.9,0.8166626634183105,slight positive
PVR,EQ,2018-01-22,1469.05,1474.4,1483.35,1456.75,1474.15,1474.1,1472.16,83847,123436220.8,7750,18671,22.27,January,2018,123598862.69999999,0.3437595725128473,slight or no change
PVR,EQ,2018-01-23,1474.1,1474.0,1547.95,1469.1,1545.0,1529.3,1523.79,508483,774820225.3,24310,150749,29.65,January,2018,777623051.9,3.744657757275638,among top gainers
PVR,EQ,2018-01-24,1529.3,1532.2,1568.45,1461.8,1472.0,1485.25,1515.35,474257,718663824.95,22043,144155,30.4,January,2018,704390209.25,-2.8804027986660485,negative
PVR,EQ,2018-01-25,1485.25,1484.0,1510.0,1460.1,1463.35,1466.85,1479.39,267615,395907014.65,12935,100189,37.44,January,2018,392551062.75,-1.238848678673632,negative
PVR,EQ,2018-01-29,1466.85,1478.05,1518.75,1455.55,1462.05,1467.8,1488.25,203996,303596203.6,10318,35773,17.54,January,2018,299425328.8,0.0647646316937589,slight or no change
PVR,EQ,2018-01-30,1467.8,1479.15,1479.15,1401.75,1426.0,1422.9,1425.52,192953,275057811.45,11158,61522,31.88,January,2018,274552823.7,-3.0589998637416405,among top losers
PVR,EQ,2018-01-31,1422.9,1427.0,1479.45,1410.5,1460.05,1460.6,1439.45,679906,978693236.2,36448,171406,25.21,January,2018,993070703.5999999,2.649518588797517,positive
PVR,EQ,2018-02-01,1460.6,1474.0,1474.0,1413.75,1420.0,1418.85,1442.45,219765,317000269.7,14864,62138,28.27,February,2018,311813570.25,-2.8584143502670134,negative
PVR,EQ,2018-02-02,1418.85,1412.0,1412.05,1285.9,1319.5,1302.15,1327.44,476738,632840722.7,31496,208678,43.77,February,2018,620784386.7,-8.224970927159303,bear drop
PVR,EQ,2018-02-05,1302.15,1290.25,1332.5,1260.0,1298.0,1297.7,1304.09,163563,213301614.3,9321,47057,28.77,February,2018,212255705.1,-0.3417425027838594,slight or no change
PVR,EQ,2018-02-06,1297.7,1240.0,1340.0,1220.0,1338.0,1331.25,1293.8,218865,283168196.85,17076,85741,39.18,February,2018,291364031.25,2.585343299684051,positive
PVR,EQ,2018-02-07,1331.25,1345.0,1394.0,1336.2,1379.0,1380.1,1365.25,280235,382591829.75,15641,109879,39.21,February,2018,386752323.5,3.669483568075105,among top gainers
PVR,EQ,2018-02-08,1380.1,1385.2,1429.1,1385.05,1420.0,1414.15,1410.84,206669,291576105.25,10241,68310,33.05,February,2018,292260966.35,2.4672125208318407,positive
PVR,EQ,2018-02-09,1414.15,1397.0,1438.0,1381.15,1395.85,1396.6,1405.75,232769,327215258.3,14108,82551,35.46,February,2018,325085185.4,-1.2410281794717815,negative
PVR,EQ,2018-02-12,1396.6,1405.0,1426.9,1397.0,1410.75,1412.75,1415.9,99422,140771770.1,3982,15127,15.21,February,2018,140458430.5,1.1563797794644115,positive
PVR,EQ,2018-02-14,1412.75,1430.0,1430.0,1395.4,1400.0,1405.5,1416.2,93201,131991133.0,4125,21665,23.25,February,2018,130994005.5,-0.5131835073438284,slight negative
PVR,EQ,2018-02-15,1405.5,1417.45,1457.0,1395.0,1408.0,1403.9,1430.98,366640,524654353.15,14933,55995,15.27,February,2018,514725896.00000006,-0.11383849163998372,slight or no change
PVR,EQ,2018-02-16,1403.9,1418.0,1434.0,1397.5,1405.0,1402.3,1409.25,121552,171297095.25,7211,31917,26.26,February,2018,170452369.6,-0.11396823135552125,slight or no change
PVR,EQ,2018-02-19,1402.3,1413.0,1413.15,1370.0,1391.95,1391.9,1385.68,141502,196077177.2,9013,30991,21.9,February,2018,196956633.8,-0.7416387363616828,slight negative
PVR,EQ,2018-02-20,1391.9,1391.95,1419.25,1385.0,1412.85,1410.25,1400.57,138640,194174803.9,10053,48006,34.63,February,2018,195517060.0,1.318341834901915,positive
PVR,EQ,2018-02-21,1410.25,1413.0,1429.8,1392.0,1395.5,1396.85,1410.02,179595,253233403.2,8037,41931,23.35,February,2018,250867275.74999997,-0.9501861372097187,slight negative
PVR,EQ,2018-02-22,1396.85,1396.05,1407.45,1371.1,1390.0,1384.55,1382.24,139541,192878592.4,6068,43889,31.45,February,2018,193201491.54999998,-0.8805526720836121,slight negative
PVR,EQ,2018-02-23,1384.55,1394.0,1394.0,1353.0,1365.0,1370.15,1369.28,230219,315234327.65,8217,74913,32.54,February,2018,315434562.85,-1.0400491134303413,negative
PVR,EQ,2018-02-26,1370.15,1380.0,1380.0,1353.3,1360.0,1361.2,1360.74,108127,147133027.4,4440,32840,30.37,February,2018,147182472.4,-0.6532131518446893,slight negative
PVR,EQ,2018-02-27,1361.2,1361.2,1372.9,1321.2,1332.25,1335.5,1337.63,279907,374413012.7,12913,81727,29.2,February,2018,373815798.5,-1.8880399647369983,negative
PVR,EQ,2018-02-28,1335.5,1321.0,1341.1,1300.0,1330.0,1320.45,1319.62,271427,358181828.25,13524,135764,50.02,February,2018,358405782.15000004,-1.1269187570198347,negative
PVR,EQ,2018-03-01,1320.45,1320.0,1333.9,1301.0,1301.05,1305.35,1309.33,184880,242069713.45,7432,70673,38.23,March,2018,241333107.99999997,-1.1435495475027535,negative
PVR,EQ,2018-03-05,1305.35,1302.0,1302.85,1251.3,1265.05,1267.65,1267.89,237757,301449993.75,16042,98820,41.56,March,2018,301392661.05,-2.8881142988470443,negative
PVR,EQ,2018-03-06,1267.65,1275.0,1318.0,1265.0,1275.0,1284.9,1288.05,464501,598301480.5,23615,186750,40.2,March,2018,596837334.9000001,1.3607857058336226,positive
PVR,EQ,2018-03-07,1284.9,1285.0,1306.85,1262.55,1288.45,1288.05,1286.39,236658,304434636.4,21551,79798,33.72,March,2018,304827336.9,0.24515526500115126,slight or no change
PVR,EQ,2018-03-08,1288.05,1300.0,1311.25,1285.05,1304.9,1305.1,1299.72,155750,202430970.95,10610,40887,26.25,March,2018,203269325.0,1.3237063778579916,positive
PVR,EQ,2018-03-09,1305.1,1307.0,1337.4,1299.0,1333.0,1320.95,1324.69,191661,253891657.0,8712,56923,29.7,March,2018,253174597.95000002,1.2144663244195941,positive
PVR,BL,2018-03-12,225.0,1319.0,1319.0,1319.0,1319.0,1319.0,1319.0,150000,197850000.0,1,150000,100.0,March,2018,197850000.0,-0.14762103031908946,slight or no change
PVR,EQ,2018-03-12,1320.95,1332.0,1332.0,1301.0,1321.7,1324.3,1319.14,76149,100451457.5,3237,13509,17.74,March,2018,100844120.7,0.4018195602729202,slight or no change
PVR,EQ,2018-03-13,1324.3,1328.0,1332.8,1310.6,1318.25,1322.6,1321.9,101729,134475286.15,4603,11575,11.38,March,2018,134546775.39999998,-0.12836970474968679,slight or no change
PVR,EQ,2018-03-14,1322.6,1314.0,1336.3,1305.0,1332.0,1327.1,1317.64,105958,139614299.3,8656,14617,13.8,March,2018,140616861.79999998,0.34023892333283623,slight or no change
PVR,EQ,2018-03-15,1327.1,1321.0,1332.9,1305.0,1307.0,1312.25,1317.23,103703,136600401.7,6199,19626,18.93,March,2018,136084261.75,-1.1189812372843,negative
PVR,EQ,2018-03-16,1312.25,1310.1,1319.85,1286.8,1289.65,1292.9,1304.25,155390,202668011.55,8785,69543,44.75,March,2018,200903731.0,-1.4745665841112476,negative
PVR,EQ,2018-03-19,1292.9,1300.0,1304.75,1247.65,1264.8,1267.75,1267.89,181903,230632912.65,15973,45710,25.13,March,2018,230607528.25,-1.945239384329811,negative
PVR,EQ,2018-03-20,1267.75,1267.75,1280.65,1251.8,1260.0,1262.6,1265.39,176944,223903451.6,12950,44945,25.4,March,2018,223409494.39999998,-0.4062315125221927,slight or no change
PVR,EQ,2018-03-21,1262.6,1262.5,1271.65,1198.25,1237.95,1232.25,1228.61,615089,755702484.15,38305,222649,36.2,March,2018,757943420.25,-2.403769998415961,negative
PVR,EQ,2018-03-22,1232.25,1237.9,1248.05,1220.65,1228.3,1233.4,1231.56,188798,232516467.2,24077,72554,38.43,March,2018,232863453.20000002,0.09332521809697347,slight or no change
PVR,EQ,2018-03-23,1233.4,1212.0,1233.0,1204.95,1223.05,1228.15,1224.0,171560,209989163.6,16703,74937,43.68,March,2018,210701414.00000003,-0.4256526674233818,slight or no change
PVR,EQ,2018-03-26,1228.15,1239.0,1247.0,1190.65,1232.0,1226.4,1214.43,373639,453757868.05,27970,121532,32.53,March,2018,458230869.6,-0.14249073810201907,slight or no change
PVR,EQ,2018-03-27,1226.4,1239.95,1260.0,1225.35,1230.0,1243.55,1245.23,319369,397688392.2,25560,124288,38.92,March,2018,397151319.95,1.3984018264840081,positive
PVR,EQ,2018-03-28,1243.55,1230.0,1244.0,1209.35,1217.0,1215.25,1224.75,259258,317525690.2,20912,114163,44.03,March,2018,315063284.5,-2.275742833018368,negative
PVR,EQ,2018-04-02,1215.25,1238.0,1240.0,1221.35,1233.1,1233.1,1232.11,83452,102821936.75,7404,40052,47.99,April,2018,102904661.19999999,1.4688335733388014,positive
PVR,EQ,2018-04-03,1233.1,1233.0,1258.5,1220.3,1248.0,1248.15,1243.48,202956,252371829.45,14075,63633,31.35,April,2018,253319531.4,1.2205011758981588,positive
PVR,EQ,2018-04-04,1248.15,1248.0,1281.95,1247.85,1259.3,1260.55,1266.65,188059,238204215.2,11219,47777,25.41,April,2018,237057772.45,0.993470336097424,slight positive
PVR,EQ,2018-04-05,1260.55,1260.55,1276.8,1230.9,1258.0,1256.2,1249.98,523073,653830222.75,28389,131889,25.21,April,2018,657084302.6,-0.3450874618222133,slight or no change
PVR,EQ,2018-04-06,1256.2,1268.0,1268.0,1235.1,1250.55,1246.25,1246.7,182142,227077041.45,12435,27097,14.88,April,2018,226994467.5,-0.7920713262219437,slight negative
PVR,EQ,2018-04-09,1246.25,1255.0,1317.3,1244.9,1300.1,1298.1,1279.32,672856,860798838.1,26376,108330,16.1,April,2018,873434373.5999999,4.160481444332986,among top gainers
PVR,EQ,2018-04-10,1298.1,1308.0,1315.5,1282.75,1290.0,1290.1,1297.65,237338,307981536.35,11758,40979,17.27,April,2018,306189753.79999995,-0.6162853401124768,slight negative
PVR,EQ,2018-04-11,1290.1,1304.35,1310.35,1270.1,1305.0,1302.95,1290.57,233620,301504069.1,9622,16960,7.26,April,2018,304395179.0,0.9960468180761239,slight positive
PVR,EQ,2018-04-12,1302.95,1304.0,1344.4,1282.4,1332.0,1327.65,1326.65,433557,575180528.1,16529,63161,14.57,April,2018,575611951.0500001,1.8956982232626096,positive
PVR,EQ,2018-04-13,1327.65,1332.0,1337.15,1310.15,1314.95,1315.35,1323.2,134321,177733188.5,5360,15370,11.44,April,2018,176679127.35,-0.926448988814832,slight negative
PVR,EQ,2018-04-16,1315.35,1314.0,1339.8,1304.0,1328.05,1330.8,1325.46,169847,225126110.5,6399,12166,7.16,April,2018,226032387.6,1.174592313832834,positive
PVR,EQ,2018-04-17,1330.8,1339.75,1346.0,1326.15,1327.0,1332.0,1335.65,124237,165936854.45,5818,13742,11.06,April,2018,165483684.0,0.0901713255184955,slight or no change
PVR,EQ,2018-04-18,1332.0,1330.0,1342.05,1320.6,1327.0,1324.15,1332.47,136908,182426202.7,5635,28403,20.75,April,2018,181286728.20000002,-0.5893393393393342,slight negative
PVR,EQ,2018-04-19,1324.15,1337.95,1341.8,1321.3,1334.0,1332.75,1331.43,101098,134604439.05,3509,21758,21.52,April,2018,134738359.5,0.64947324698863,slight positive
PVR,EQ,2018-04-20,1332.75,1344.0,1344.0,1307.3,1316.0,1317.4,1323.8,172607,228496703.75,6261,48406,28.04,April,2018,227392461.8,-1.1517538923278892,negative
PVR,EQ,2018-04-23,1317.4,1330.0,1378.0,1310.3,1374.0,1374.25,1362.63,488570,665738136.4,10499,236529,48.41,April,2018,671417322.5,4.31531805070593,among top gainers
PVR,EQ,2018-04-24,1374.25,1375.95,1388.0,1362.6,1366.0,1369.05,1373.0,238094,326904137.85,13852,83322,35.0,April,2018,325962590.7,-0.37838821175186776,slight or no change
PVR,EQ,2018-04-25,1369.05,1369.0,1414.0,1366.95,1403.0,1400.6,1391.23,776513,1080311301.6,17727,517010,66.58,April,2018,1087584107.8,2.3045177312735143,positive
PVR,EQ,2018-04-26,1400.6,1406.45,1408.0,1392.3,1405.7,1397.85,1397.74,411768,575543781.95,9419,296056,71.9,April,2018,575589898.8,-0.19634442381836203,slight or no change
PVR,EQ,2018-04-27,1397.85,1406.0,1437.75,1400.0,1428.0,1430.0,1426.16,167569,238980736.15,6347,34331,20.49,April,2018,239623670.0,2.2999606538612882,positive
PVR,EQ,2018-04-30,1430.0,1449.8,1465.0,1430.95,1442.0,1441.7,1443.07,147031,212176388.85,7457,33614,22.86,April,2018,211974592.70000002,0.818181818181829,slight positive
PVR,EQ,2018-05-02,1441.7,1445.0,1451.3,1375.3,1400.0,1408.55,1411.71,184418,260345024.4,8266,68061,36.91,May,2018,259761973.9,-2.2993688007213797,negative
PVR,EQ,2018-05-03,1408.55,1410.8,1453.6,1357.1,1446.35,1449.5,1416.4,387005,548152398.6,15432,104034,26.88,May,2018,560963747.5,2.9072450392247484,positive
PVR,EQ,2018-05-04,1449.5,1440.0,1492.0,1413.8,1427.5,1425.35,1450.4,1352595,1961797274.85,43624,113898,8.42,May,2018,1927921283.2499998,-1.6660917557778654,negative
PVR,EQ,2018-05-07,1425.35,1445.0,1470.0,1427.55,1437.5,1434.65,1441.04,220237,317371106.75,6218,61539,27.94,May,2018,315963012.05,0.6524713228329926,slight positive
PVR,EQ,2018-05-08,1434.65,1425.0,1435.55,1413.3,1424.3,1424.3,1422.73,84666,120457168.9,3757,29622,34.99,May,2018,120589783.8,-0.7214303140138822,slight negative
PVR,EQ,2018-05-09,1424.3,1424.3,1451.0,1421.0,1444.1,1437.15,1437.37,140300,201663545.15,6789,41496,29.58,May,2018,201632145.0,0.9021975707365071,slight positive
PVR,EQ,2018-05-10,1437.15,1442.0,1469.0,1400.0,1404.05,1401.55,1409.54,318301,448657133.15,4686,222936,70.04,May,2018,446114766.55,-2.4771248651845768,negative
PVR,EQ,2018-05-11,1401.55,1401.55,1432.0,1400.0,1413.0,1417.9,1419.13,176848,250969875.5,7997,51842,29.31,May,2018,250752779.20000002,1.1665655880989112,positive
PVR,EQ,2018-05-14,1417.9,1417.9,1428.55,1397.7,1415.0,1413.8,1413.68,155465,219777150.75,5918,55411,35.64,May,2018,219796417.0,-0.28916002538966756,slight or no change
PVR,EQ,2018-05-15,1413.8,1413.8,1430.0,1400.0,1420.0,1415.9,1416.93,110538,156624852.25,5273,24629,22.28,May,2018,156510754.20000002,0.14853586080068037,slight or no change
PVR,EQ,2018-05-16,1415.9,1425.0,1428.65,1401.25,1412.6,1416.45,1413.68,96353,136212634.5,5693,23107,23.98,May,2018,136479206.85,0.038844551168870645,slight or no change
PVR,EQ,2018-05-17,1416.45,1418.1,1436.3,1405.6,1411.0,1411.05,1417.32,82730,117255208.5,5668,23120,27.95,May,2018,116736166.5,-0.3812347770835611,slight or no change
PVR,EQ,2018-05-18,1411.05,1411.0,1422.45,1361.55,1377.3,1371.1,1387.7,91606,127121793.6,4408,17911,19.55,May,2018,125600986.6,-2.8312249743099094,negative
PVR,EQ,2018-05-21,1371.1,1382.0,1388.2,1324.1,1326.0,1336.55,1357.43,126105,171178221.65,6245,27242,21.6,May,2018,168545637.75,-2.5198745532783895,negative
PVR,EQ,2018-05-22,1336.55,1337.0,1376.15,1320.15,1361.5,1361.9,1359.34,199201,270782069.15,5345,127815,64.16,May,2018,271291841.90000004,1.896674273315635,positive
PVR,EQ,2018-05-23,1361.9,1369.05,1379.9,1335.5,1349.9,1345.7,1348.34,73467,99058555.85,4899,12857,17.5,May,2018,98864541.9,-1.1895146486526231,negative
PVR,EQ,2018-05-24,1345.7,1350.0,1361.2,1321.9,1348.55,1344.3,1343.23,83664,112379656.3,6858,24038,28.73,May,2018,112469515.2,-0.10403507468232931,slight or no change
PVR,EQ,2018-05-25,1344.3,1362.0,1369.9,1332.95,1350.0,1343.5,1346.59,90626,122036336.95,5332,30736,33.92,May,2018,121756031.0,-0.059510525924266755,slight or no change
PVR,EQ,2018-05-28,1343.5,1354.0,1364.0,1337.0,1344.35,1341.55,1348.84,76631,103362987.75,4076,21563,28.14,May,2018,102804318.05,-0.1451432824711607,slight or no change
PVR,EQ,2018-05-29,1341.55,1345.0,1361.0,1330.0,1342.9,1343.4,1342.39,91500,122829005.7,6404,44700,48.85,May,2018,122921100.00000001,0.13790019007864363,slight or no change
PVR,EQ,2018-05-30,1343.4,1330.5,1335.8,1312.0,1318.0,1319.85,1320.14,273093,360520766.85,10221,159712,58.48,May,2018,360441796.04999995,-1.753014738722658,negative
PVR,EQ,2018-05-31,1319.85,1318.5,1330.0,1303.7,1323.0,1322.95,1319.91,351795,464338741.15,17797,131519,37.39,May,2018,465407195.25,0.23487517520930368,slight or no change
PVR,EQ,2018-06-01,1322.95,1325.5,1328.7,1290.15,1301.35,1304.05,1306.22,133116,173879207.8,6080,30398,22.84,June,2018,173589919.79999998,-1.4286254204618487,negative
PVR,EQ,2018-06-04,1304.05,1305.0,1317.7,1265.6,1277.1,1278.9,1282.02,244340,313249406.7,6727,155706,63.73,June,2018,312486426.0,-1.9286070319389448,negative
PVR,EQ,2018-06-05,1278.9,1277.0,1313.15,1265.0,1312.15,1298.05,1288.17,191590,246801178.45,9304,84176,43.94,June,2018,248693399.5,1.4973805614199698,positive
PVR,EQ,2018-06-06,1298.05,1305.0,1313.15,1283.65,1305.85,1307.75,1303.74,194801,253970282.25,16564,75038,38.52,June,2018,254751007.75,0.7472747582912831,slight positive
PVR,EQ,2018-06-07,1307.75,1311.9,1345.0,1311.8,1332.0,1332.15,1333.22,294081,392075479.2,15699,143978,48.96,June,2018,391760004.15000004,1.8658000382336226,positive
PVR,EQ,2018-06-08,1332.15,1333.95,1416.85,1330.05,1410.0,1407.95,1387.02,986398,1368156840.05,45641,313891,31.82,June,2018,1388799064.1000001,5.690049919303375,among top gainers
PVR,EQ,2018-06-11,1407.95,1417.8,1418.7,1387.55,1403.0,1401.2,1400.61,434548,608631455.75,18355,135736,31.24,June,2018,608888657.6,-0.4794204339642727,slight or no change
PVR,EQ,2018-06-12,1401.2,1414.0,1439.0,1410.0,1424.2,1426.6,1424.47,444672,633424135.75,17674,162031,36.44,June,2018,634369075.1999999,1.8127319440479406,positive
PVR,EQ,2018-06-13,1426.6,1426.15,1440.0,1407.35,1423.0,1417.8,1424.02,195591,278525871.35,9049,50106,25.62,June,2018,277308919.8,-0.6168512547315319,slight negative
PVR,EQ,2018-06-14,1417.8,1424.9,1429.0,1399.5,1428.5,1421.1,1410.09,431627,608632359.85,14383,269322,62.4,June,2018,613385129.6999999,0.23275497249259924,slight or no change
PVR,EQ,2018-06-15,1421.1,1435.0,1463.0,1401.0,1410.9,1407.7,1428.65,1004804,1435517465.55,44262,276823,27.55,June,2018,1414462590.8,-0.9429315319118947,slight negative
PVR,EQ,2018-06-18,1407.7,1407.0,1408.65,1351.0,1374.9,1377.1,1370.9,453405,621574041.7,24035,70558,15.56,June,2018,624384025.5,-2.173758613340915,negative
PVR,EQ,2018-06-19,1377.1,1355.0,1385.0,1349.55,1368.0,1365.25,1367.77,267115,365352446.45,14169,89955,33.68,June,2018,364678753.75,-0.8605039575920292,slight negative
PVR,EQ,2018-06-20,1365.25,1367.9,1386.45,1355.1,1369.05,1372.55,1371.19,251878,345371416.8,16792,112333,44.6,June,2018,345715148.9,0.5347006042849323,slight positive
PVR,EQ,2018-06-21,1372.55,1368.0,1385.5,1349.1,1355.6,1361.7,1367.23,190315,260203769.25,14519,55414,29.12,June,2018,259151935.5,-0.790499435357539,slight negative
PVR,EQ,2018-06-22,1361.7,1361.7,1362.95,1344.0,1351.0,1350.4,1349.71,141707,191264018.75,8235,48097,33.94,June,2018,191361132.8,-0.8298450466328822,slight negative
PVR,EQ,2018-06-25,1350.4,1341.5,1363.45,1306.85,1354.7,1351.7,1341.97,336341,451361108.4,18931,85302,25.36,June,2018,454632129.7,0.09626777251183771,slight or no change
PVR,EQ,2018-06-26,1351.7,1345.0,1358.0,1338.2,1345.0,1348.5,1347.13,217087,292443400.75,9857,100617,46.35,June,2018,292741819.5,-0.23673892135829266,slight or no change
PVR,EQ,2018-06-27,1348.5,1347.9,1375.0,1326.2,1366.5,1367.95,1354.48,229670,311082864.85,16721,99514,43.33,June,2018,314177076.5,1.442343344456809,positive
PVR,EQ,2018-06-28,1367.95,1369.85,1410.0,1335.05,1401.0,1392.25,1372.79,336813,462372239.2,12903,143713,42.67,June,2018,468927899.25,1.7763807156694345,positive
PVR,EQ,2018-06-29,1392.25,1401.0,1419.0,1353.65,1367.0,1374.3,1381.43,316273,436908058.2,17135,57412,18.15,June,2018,434653983.9,-1.2892799425390566,negative
PVR,EQ,2018-07-02,1374.3,1378.0,1382.85,1352.1,1361.0,1366.2,1370.95,228003,312581835.4,17568,109926,48.21,July,2018,311497698.6,-0.5893909626718985,slight negative
PVR,EQ,2018-07-03,1366.2,1362.0,1394.9,1352.35,1379.0,1376.4,1373.9,159516,219158667.8,9785,44372,27.82,July,2018,219557822.4,0.746596398770305,slight positive
PVR,EQ,2018-07-04,1376.4,1371.9,1398.95,1370.15,1376.15,1378.35,1382.54,108849,150487978.85,11174,36845,33.85,July,2018,150032019.14999998,0.1416739319964888,slight or no change
PVR,EQ,2018-07-05,1378.35,1379.0,1387.25,1368.0,1375.0,1376.65,1376.55,131782,181404854.3,8223,52005,39.46,July,2018,181417690.3,-0.12333587260128231,slight or no change
PVR,EQ,2018-07-06,1376.65,1371.5,1387.65,1365.0,1372.85,1371.5,1372.8,118375,162504908.1,7324,56614,47.83,July,2018,162351312.5,-0.37409653869902026,slight or no change
PVR,EQ,2018-07-09,1371.5,1384.4,1399.55,1371.0,1374.85,1378.25,1386.72,202862,281313080.85,8315,45471,22.41,July,2018,279594551.5,0.4921618665694405,slight or no change
PVR,EQ,2018-07-10,1378.25,1378.25,1425.0,1366.0,1412.55,1411.6,1401.54,333480,467386922.55,16456,73496,22.04,July,2018,470740367.99999994,2.4197351714130066,positive
PVR,EQ,2018-07-11,1411.6,1412.6,1418.95,1385.0,1393.0,1389.0,1399.22,136354,190789198.85,8174,32470,23.81,July,2018,189395706.0,-1.601020119013874,negative
PVR,EQ,2018-07-12,1389.0,1391.05,1412.85,1387.1,1396.0,1396.1,1399.48,204176,285740084.25,10495,63176,30.94,July,2018,285050113.59999996,0.5111591072714194,slight positive
PVR,EQ,2018-07-13,1396.1,1401.0,1414.4,1199.7,1218.8,1211.2,1250.13,3607373,4509691318.45,138553,562690,15.6,July,2018,4369250177.6,-13.244036960103134,bear drop
PVR,EQ,2018-07-16,1211.2,1215.0,1234.0,1145.15,1146.55,1154.15,1188.18,3512073,4172962976.0,147185,856448,24.39,July,2018,4053459052.9500003,-4.710204755614267,among top losers
PVR,EQ,2018-07-17,1154.15,1160.0,1188.0,1149.4,1160.0,1160.6,1167.25,1334223,1557366547.25,53344,398147,29.84,July,2018,1548499213.8,0.5588528354199873,slight positive
PVR,EQ,2018-07-18,1160.6,1160.0,1176.55,1082.5,1117.6,1106.3,1119.08,1322283,1479733915.95,48083,225561,17.06,July,2018,1462841682.8999999,-4.678614509736345,among top losers
PVR,EQ,2018-07-19,1106.3,1109.9,1155.95,1062.8,1143.9,1136.35,1115.4,1730149,1929815178.3,59850,481396,27.82,July,2018,1966054816.1499999,2.7162614119135897,positive
PVR,EQ,2018-07-20,1136.35,1130.0,1178.95,1125.0,1160.0,1151.05,1159.24,1189823,1379288179.9,39965,478395,40.21,July,2018,1369545764.1499999,1.2936155233862934,positive
PVR,EQ,2018-07-23,1151.05,1159.65,1172.25,1145.0,1149.75,1152.7,1159.34,219412,254372160.95,10748,66822,30.46,July,2018,252916212.4,0.14334737848051837,slight or no change
PVR,EQ,2018-07-24,1152.7,1150.0,1183.5,1124.95,1170.1,1172.6,1163.51,523724,609356017.55,28622,193520,36.95,July,2018,614118762.4,1.7263815389953807,positive
PVR,EQ,2018-07-25,1172.6,1180.0,1193.15,1122.5,1137.0,1138.5,1159.74,1103688,1279992516.4,53085,112914,10.23,July,2018,1256548788.0,-2.908067542213877,negative
PVR,EQ,2018-07-26,1138.5,1138.5,1149.15,1080.0,1123.45,1119.15,1116.1,752725,840114890.9,31407,156849,20.84,July,2018,842412183.7500001,-1.6996047430829941,negative
PVR,EQ,2018-07-27,1119.15,1121.5,1130.7,1105.35,1112.0,1115.3,1116.29,307989,343805349.7,11504,68389,22.21,July,2018,343500131.7,-0.3440110798373919,slight or no change
PVR,EQ,2018-07-30,1115.3,1120.0,1132.0,1115.0,1123.45,1128.2,1123.67,292497,328668646.3,9834,63057,21.56,July,2018,329995115.40000004,1.1566394692011261,positive
PVR,EQ,2018-07-31,1128.2,1126.95,1130.0,1092.3,1108.5,1103.4,1107.44,245129,271465306.05,10934,77314,31.54,July,2018,270475338.6,-2.1981918099627684,negative
PVR,EQ,2018-08-01,1103.4,1104.0,1121.0,1104.0,1112.0,1115.8,1112.65,268005,298196983.3,15167,98761,36.85,August,2018,299039979.0,1.1237991662135016,positive
PVR,EQ,2018-08-02,1115.8,1114.8,1116.0,1098.0,1102.25,1101.55,1103.76,332751,367275800.15,14317,126187,37.92,August,2018,366541864.05,-1.2771105932962934,negative
PVR,EQ,2018-08-03,1101.55,1143.0,1208.0,1143.0,1175.75,1177.2,1179.48,2926219,3451431273.05,95126,736384,25.17,August,2018,3444745006.8,6.8675956606599975,among top gainers
PVR,EQ,2018-08-06,1177.2,1181.0,1212.0,1180.0,1201.0,1202.0,1198.06,438414,525247489.6,19780,57161,13.04,August,2018,526973628.0,2.1066938498131016,positive
PVR,EQ,2018-08-07,1202.0,1204.0,1242.0,1187.0,1221.3,1226.45,1221.6,808710,987921876.05,34771,109459,13.54,August,2018,991842379.5,2.0341098169717187,positive
PVR,EQ,2018-08-08,1226.45,1277.0,1287.55,1221.0,1248.15,1246.75,1257.55,1789243,2250065642.95,82247,337064,18.84,August,2018,2230738710.25,1.6551836601573555,positive
PVR,EQ,2018-08-09,1246.75,1251.0,1290.0,1235.0,1289.9,1279.45,1262.67,444172,560844313.0,18609,64055,14.42,August,2018,568295865.4,2.6228193302586744,positive
PVR,EQ,2018-08-10,1279.45,1300.0,1329.5,1279.1,1328.75,1316.05,1307.52,1071746,1401328289.5,33207,115053,10.74,August,2018,1410471323.3,2.8606041658524983,positive
PVR,EQ,2018-08-13,1316.05,1324.9,1324.9,1277.2,1286.8,1283.5,1297.37,590552,766163894.5,19462,126094,21.35,August,2018,757973492.0,-2.4733102845636568,negative
PVR,EQ,2018-08-14,1283.5,1286.0,1324.0,1286.0,1307.0,1313.55,1312.79,585207,768253766.85,23136,76161,13.01,August,2018,768698654.85,2.3412543825477083,positive
PVR,EQ,2018-08-16,1313.55,1300.0,1309.5,1281.7,1298.0,1291.7,1294.74,464283,601127544.15,20193,191660,41.28,August,2018,599714351.1,-1.663431159834028,negative
PVR,EQ,2018-08-17,1291.7,1300.0,1313.4,1287.7,1305.5,1306.15,1300.86,311973,405832477.95,11338,76696,24.58,August,2018,407483533.95000005,1.1186808082372046,positive
PVR,EQ,2018-08-20,1306.15,1305.5,1349.4,1302.55,1328.15,1331.4,1332.2,470132,626310197.85,16000,61709,13.13,August,2018,625933744.8000001,1.9331623473567427,positive
PVR,EQ,2018-08-21,1331.4,1328.0,1328.0,1301.0,1305.0,1305.85,1310.48,328880,430989268.2,19369,115855,35.23,August,2018,429467947.99999994,-1.919032597266046,negative
PVR,EQ,2018-08-23,1305.85,1306.0,1334.5,1283.15,1315.95,1319.9,1308.22,314590,411552978.1,12772,54834,17.43,August,2018,415227341.0,1.0759275567638005,positive
PVR,EQ,2018-08-24,1319.9,1316.0,1342.0,1301.1,1313.1,1322.9,1322.57,410545,542973571.05,20766,122783,29.91,August,2018,543109980.5,0.22728994620804244,slight or no change
PVR,EQ,2018-08-27,1322.9,1327.9,1337.0,1316.0,1323.0,1321.8,1326.25,222774,295453536.6,9908,87957,39.48,August,2018,294462673.2,-0.08315065386651499,slight or no change
PVR,EQ,2018-08-28,1321.8,1323.45,1339.6,1318.45,1330.0,1333.65,1330.92,301364,401091281.15,13064,78119,25.92,August,2018,401914098.6,0.8965047662278902,slight positive
PVR,EQ,2018-08-29,1333.65,1335.65,1370.9,1327.0,1362.0,1365.7,1356.64,439218,595860765.1,19357,126901,28.89,August,2018,599840022.6,2.403179244929321,positive
PVR,EQ,2018-08-30,1365.7,1384.25,1401.0,1347.1,1363.85,1369.3,1376.11,965409,1328507826.5,31705,246746,25.56,August,2018,1321934543.7,0.26360108369334334,slight or no change
PVR,EQ,2018-08-31,1369.3,1367.0,1386.95,1355.75,1372.0,1372.75,1370.21,273455,374689422.55,9421,61950,22.65,August,2018,375385351.25,0.2519535529102557,slight or no change
PVR,EQ,2018-09-03,1372.75,1375.0,1418.0,1367.6,1385.0,1382.65,1392.27,649507,904292166.5,15295,278005,42.8,September,2018,898040853.5500001,0.7211801129120454,slight positive
PVR,EQ,2018-09-04,1382.65,1390.0,1392.0,1313.15,1338.4,1339.35,1349.56,565194,762762502.1,18526,254194,44.97,September,2018,756992583.9,-3.1316674501862485,among top losers
PVR,EQ,2018-09-05,1339.35,1339.5,1345.7,1289.05,1320.5,1324.8,1316.54,323301,425638594.5,11740,76192,23.57,September,2018,428309164.8,-1.0863478553029382,negative
PVR,EQ,2018-09-06,1324.8,1325.0,1361.2,1300.65,1345.95,1340.5,1321.61,244469,323091602.4,7741,53704,21.97,September,2018,327710694.5,1.1850845410628086,positive
PVR,EQ,2018-09-07,1340.5,1341.1,1374.85,1330.3,1358.5,1366.15,1356.91,368935,500610380.85,14275,81181,22.0,September,2018,504020550.25000006,1.913465124953384,positive
PVR,EQ,2018-09-10,1366.15,1359.0,1385.0,1332.1,1343.05,1343.9,1366.24,271327,370696491.1,9123,111550,41.11,September,2018,364636355.3,-1.6286644951140072,negative
PVR,EQ,2018-09-11,1343.9,1347.0,1360.85,1338.3,1357.0,1352.85,1350.12,211391,285402788.9,9783,62025,29.34,September,2018,285980314.34999996,0.6659721705484012,slight positive
PVR,EQ,2018-09-12,1352.85,1358.0,1408.0,1341.6,1402.0,1391.55,1376.43,776984,1069467393.7,29764,246875,31.77,September,2018,1081212085.2,2.8606275640314927,positive
PVR,EQ,2018-09-14,1391.55,1414.0,1416.8,1370.0,1373.65,1379.1,1393.99,516069,719394389.95,21427,90426,17.52,September,2018,711710757.9,-0.8946857820416154,slight negative
PVR,EQ,2018-09-17,1379.1,1399.85,1423.0,1380.0,1395.95,1396.3,1404.36,743619,1044312133.1,33814,98889,13.3,September,2018,1038315209.6999999,1.2471901965049659,positive
PVR,EQ,2018-09-18,1396.3,1394.95,1396.0,1333.05,1339.0,1339.0,1356.16,573099,777216784.5,22839,215229,37.56,September,2018,767379561.0,-4.103702642698559,among top losers
PVR,EQ,2018-09-19,1339.0,1345.0,1356.2,1323.25,1332.55,1338.35,1337.82,214014,286312326.5,8902,30976,14.47,September,2018,286425636.9,-0.04854368932039055,slight or no change
PVR,EQ,2018-09-21,1338.35,1341.0,1355.0,1285.5,1344.85,1344.05,1332.71,366482,488412557.65,19833,123185,33.61,September,2018,492570132.09999996,0.4258975604289006,slight or no change
PVR,EQ,2018-09-24,1344.05,1357.9,1359.45,1280.3,1284.05,1287.35,1305.8,285156,372357415.85,12529,56388,19.77,September,2018,367095576.59999996,-4.218593058293962,among top losers
PVR,EQ,2018-09-25,1287.35,1280.1,1293.55,1226.6,1268.9,1253.65,1261.9,330444,416988415.45,19703,116346,35.21,September,2018,414261120.6,-2.617780712315987,negative
PVR,EQ,2018-09-26,1253.65,1260.0,1289.0,1258.05,1286.9,1285.4,1270.02,506604,643397324.4,14715,321467,63.46,September,2018,651188781.6,2.532604794001525,positive
PVR,EQ,2018-09-27,1285.4,1287.0,1299.0,1245.1,1260.0,1255.1,1270.81,310127,394111442.75,23679,122612,39.54,September,2018,389240397.7,-2.357242881593291,negative
PVR,EQ,2018-09-28,1255.1,1270.0,1279.45,1190.0,1201.8,1201.75,1239.82,351195,435420171.15,33533,120224,34.23,September,2018,422048591.25,-4.25065731814197,among top losers
PVR,EQ,2018-10-01,1201.75,1210.0,1234.0,1164.45,1225.0,1224.9,1214.39,422964,513645270.2,31267,165965,39.24,October,2018,518088603.6,1.9263573954649615,positive
PVR,EQ,2018-10-03,1224.9,1225.0,1262.85,1217.9,1227.95,1227.85,1241.26,302185,375091320.3,27322,82222,27.21,October,2018,371037852.25,0.24083598661113204,slight or no change
PVR,EQ,2018-10-04,1227.85,1219.95,1241.8,1190.4,1198.8,1199.55,1214.46,313341,380541470.4,28024,97024,30.96,October,2018,375868196.55,-2.304841796636392,negative
PVR,EQ,2018-10-05,1199.55,1204.5,1222.7,1142.65,1167.0,1168.3,1179.17,446167,526106089.95,25900,104627,23.45,October,2018,521256906.09999996,-2.6051435955149804,negative
PVR,EQ,2018-10-08,1168.3,1168.0,1198.0,1098.9,1189.85,1179.8,1171.66,264630,310056887.35,17142,52018,19.66,October,2018,312210474.0,0.9843362150132595,slight positive
PVR,EQ,2018-10-09,1179.8,1189.05,1222.75,1184.4,1208.95,1208.0,1201.4,192894,231742500.55,18044,36504,18.92,October,2018,233015952.0,2.3902356331581665,positive
PVR,EQ,2018-10-10,1208.0,1208.0,1311.0,1207.1,1300.6,1297.2,1272.67,605098,770092122.1,32710,157850,26.09,October,2018,784933125.6,7.384105960264908,bull run
PVR,EQ,2018-10-11,1297.2,1238.0,1274.55,1235.45,1260.0,1257.0,1257.29,244404,307287030.75,19062,53468,21.88,October,2018,307215828.0,-3.0989824236817842,among top losers
PVR,EQ,2018-10-12,1257.0,1265.1,1346.65,1265.1,1324.0,1323.95,1308.07,308952,404131184.35,14626,49065,15.88,October,2018,409037000.40000004,5.326173428798731,among top gainers
PVR,EQ,2018-10-15,1323.95,1335.8,1341.0,1297.05,1308.15,1310.05,1311.87,205041,268986981.0,11260,46788,22.82,October,2018,268613962.05,-1.0498885909588807,negative
PVR,EQ,2018-10-16,1310.05,1310.05,1347.45,1300.0,1339.35,1341.0,1328.47,225445,299497856.65,8501,33184,14.72,October,2018,302321745.0,2.3625052478913,positive
PVR,EQ,2018-10-17,1341.0,1357.0,1376.0,1305.0,1324.0,1314.0,1340.43,472705,633629001.55,18746,68685,14.53,October,2018,621134370.0,-2.0134228187919434,negative
PVR,EQ,2018-10-19,1314.0,1318.0,1319.25,1261.35,1296.0,1290.35,1284.3,156188,200591535.5,10595,20184,12.92,October,2018,201537185.79999998,-1.799847792998488,negative
PVR,EQ,2018-10-22,1290.35,1310.0,1338.55,1282.4,1304.0,1299.15,1315.41,239897,315562595.05,13419,31898,13.3,October,2018,311662187.55,0.6819855078079806,slight positive
PVR,EQ,2018-10-23,1299.15,1281.0,1314.0,1276.15,1282.65,1279.65,1290.04,141783,182906262.55,6822,36523,25.76,October,2018,181432615.95000002,-1.5009814109225306,negative
PVR,EQ,2018-10-24,1279.65,1293.75,1312.5,1276.3,1279.05,1283.25,1290.28,257332,332030850.85,13584,102393,39.79,October,2018,330221289.0,0.2813269253311379,slight or no change
PVR,EQ,2018-10-25,1283.25,1270.0,1299.0,1226.3,1273.5,1284.05,1261.53,606946,765682885.2,40000,50352,8.3,October,2018,779349011.3,0.062341710500679604,slight or no change
PVR,EQ,2018-10-26,1284.05,1283.0,1320.0,1242.0,1296.0,1295.1,1287.89,354640,456736930.7,19336,56348,15.89,October,2018,459294263.99999994,0.8605583894708113,slight positive
PVR,EQ,2018-10-29,1295.1,1300.15,1328.35,1287.45,1321.0,1317.4,1311.83,202408,265524489.6,8840,20269,10.01,October,2018,266652299.20000002,1.7218747587059102,positive
PVR,EQ,2018-10-30,1317.4,1325.15,1355.0,1315.0,1340.75,1340.25,1342.37,277397,372368805.7,10001,72335,26.08,October,2018,371781329.25,1.7344770001518128,positive
PVR,EQ,2018-10-31,1340.25,1345.0,1386.6,1317.05,1358.0,1362.35,1362.45,450156,613315271.35,26983,112140,24.91,October,2018,613270026.5999999,1.6489460921469856,positive
PVR,EQ,2018-11-01,1362.35,1364.0,1391.0,1363.0,1366.3,1368.85,1376.42,183291,252285587.55,9001,27155,14.82,November,2018,250897885.35,0.47711674679782323,slight or no change
PVR,EQ,2018-11-02,1368.85,1380.0,1405.3,1375.0,1395.0,1394.4,1388.4,296858,412156300.4,11957,117520,39.59,November,2018,413938795.20000005,1.8665302991562438,positive
PVR,EQ,2018-11-05,1394.4,1394.35,1436.0,1388.15,1420.0,1421.15,1417.09,433388,614147655.5,25016,98373,22.7,November,2018,615909356.2,1.9183878370625296,positive
PVR,EQ,2018-11-06,1421.15,1434.0,1440.8,1397.9,1403.95,1404.8,1419.65,295720,419820196.5,19866,93665,31.67,November,2018,415427456.0,-1.1504767265946736,negative
PVR,EQ,2018-11-07,1404.8,1405.0,1422.95,1405.0,1422.95,1417.45,1416.31,60482,85661509.1,2672,16255,26.88,November,2018,85730210.9,0.9004840546697146,slight positive
PVR,EQ,2018-11-09,1417.45,1405.0,1450.65,1355.55,1445.95,1446.75,1415.06,801317,1133909081.2,29171,180797,22.56,November,2018,1159305369.75,2.0670923136618446,positive
PVR,EQ,2018-11-12,1446.75,1428.2,1437.35,1380.0,1391.0,1387.25,1408.48,422237,594713116.7,17857,84340,19.97,November,2018,585748278.25,-4.1126663210644505,among top losers
PVR,EQ,2018-11-13,1387.25,1391.0,1413.5,1390.65,1394.8,1397.15,1400.76,313670,439376722.9,18194,93589,29.84,November,2018,438244040.5,0.71364209767526,slight positive
PVR,EQ,2018-11-14,1397.15,1418.95,1434.9,1404.0,1416.8,1419.7,1422.59,274468,390455399.15,20573,101586,37.01,November,2018,389662219.6,1.6139999284257245,positive
PVR,EQ,2018-11-15,1419.7,1385.0,1432.85,1385.0,1406.0,1410.15,1418.87,209393,297101638.25,20488,73677,35.19,November,2018,295275538.95000005,-0.6726773261956698,slight negative
PVR,EQ,2018-11-16,1410.15,1418.7,1439.5,1403.5,1424.25,1417.0,1425.42,256676,365870983.95,22268,98801,38.49,November,2018,363709892.0,0.48576392582349026,slight or no change
PVR,EQ,2018-11-19,1417.0,1412.15,1448.0,1412.15,1439.0,1433.9,1435.01,244046,350209136.8,12822,54120,22.18,November,2018,349937559.40000004,1.192660550458724,positive
PVR,EQ,2018-11-20,1433.9,1430.05,1455.0,1393.25,1406.0,1403.9,1425.23,564365,804352601.35,24067,157421,27.89,November,2018,792312023.5,-2.092196108515243,negative
PVR,EQ,2018-11-21,1403.9,1415.15,1423.0,1386.35,1417.5,1418.0,1408.44,221645,312174224.8,14583,43798,19.76,November,2018,314292610.0,1.0043450388204311,positive
PVR,EQ,2018-11-22,1418.0,1410.1,1432.5,1404.6,1414.0,1415.75,1420.57,144868,205795501.55,10682,58681,40.51,November,2018,205096871.0,-0.15867418899858654,slight or no change
PVR,EQ,2018-11-26,1415.75,1422.0,1442.0,1416.0,1436.0,1436.5,1427.9,178600,255023680.25,15641,70655,39.56,November,2018,256558900.0,1.465654246865622,positive
PVR,EQ,2018-11-27,1436.5,1436.0,1449.0,1428.0,1448.0,1442.0,1437.9,268005,385364810.9,14908,99918,37.28,November,2018,386463210.0,0.38287504350853485,slight or no change
PVR,EQ,2018-11-28,1442.0,1455.95,1468.0,1442.15,1464.0,1461.9,1456.72,329496,479983943.05,15792,64286,19.51,November,2018,481690202.40000004,1.3800277392510552,positive
PVR,EQ,2018-11-29,1461.9,1493.25,1493.25,1442.0,1456.55,1452.45,1456.1,537882,783210672.0,20172,95960,17.84,November,2018,781246710.9,-0.6464190437102446,slight negative
PVR,EQ,2018-11-30,1452.45,1459.9,1468.7,1428.0,1432.0,1436.0,1447.41,500122,723880037.8,24282,247436,49.48,November,2018,718175192.0,-1.132569107370307,negative
PVR,EQ,2018-12-03,1436.0,1450.0,1526.5,1441.05,1522.05,1522.0,1493.82,985913,1472780052.9,47115,336923,34.17,December,2018,1500559586.0,5.988857938718661,among top gainers
PVR,EQ,2018-12-04,1522.0,1520.05,1530.75,1480.5,1486.35,1487.2,1506.93,564614,850836380.75,30096,109107,19.32,December,2018,839693940.8000001,-2.286465177398156,negative
PVR,EQ,2018-12-05,1487.2,1485.0,1504.45,1466.6,1485.2,1478.45,1481.56,285054,422324150.85,16911,59671,20.93,December,2018,421438086.3,-0.588353953738574,slight negative
PVR,EQ,2018-12-06,1478.45,1470.5,1511.0,1458.25,1496.0,1490.85,1490.71,317178,472821397.95,15775,45522,14.35,December,2018,472864821.29999995,0.8387162230714562,slight positive
PVR,EQ,2018-12-07,1490.85,1500.15,1514.75,1471.75,1493.15,1485.6,1487.44,275697,410083963.25,15607,60867,22.08,December,2018,409575463.2,-0.35214810343092706,slight or no change
PVR,EQ,2018-12-10,1485.6,1475.0,1492.85,1460.95,1486.0,1477.1,1471.98,177397,261124734.2,10808,52795,29.76,December,2018,262033108.7,-0.5721593968766814,slight negative
PVR,EQ,2018-12-11,1477.1,1474.35,1509.0,1461.0,1502.9,1500.25,1480.28,274310,406056349.5,17092,75493,27.52,December,2018,411533577.5,1.5672601719585844,positive
PVR,EQ,2018-12-12,1500.25,1515.0,1550.85,1506.0,1550.0,1544.4,1528.33,387699,592530637.7,21867,87572,22.59,December,2018,598762335.6,2.94284285952342,positive
PVR,EQ,2018-12-13,1544.4,1560.0,1572.0,1528.7,1533.25,1535.1,1551.74,421937,654737036.05,27673,84996,20.14,December,2018,647715488.6999999,-0.6021756021756142,slight negative
PVR,EQ,2018-12-14,1535.1,1530.0,1560.0,1520.2,1559.85,1557.4,1548.17,276450,427990674.5,17593,87069,31.5,December,2018,430543230.0,1.4526740928929804,positive
PVR,EQ,2018-12-17,1557.4,1555.0,1580.0,1542.35,1560.0,1562.0,1570.25,422094,662792880.2,20626,154990,36.72,December,2018,659310828.0,0.29536406831898177,slight or no change
PVR,EQ,2018-12-18,1562.0,1555.0,1563.0,1529.45,1563.0,1555.5,1552.84,133852,207851033.05,6289,35026,26.17,December,2018,208206786.0,-0.41613316261203126,slight or no change
PVR,EQ,2018-12-19,1555.5,1563.7,1569.9,1543.1,1552.15,1554.6,1555.06,275529,428464556.55,12628,98726,35.83,December,2018,428337383.4,-0.05785920925748256,slight or no change
PVR,EQ,2018-12-20,1554.6,1550.1,1592.95,1524.4,1574.0,1573.2,1579.39,521387,823475645.65,16258,108606,20.83,December,2018,820246028.4,1.1964492473948374,positive
PVR,EQ,2018-12-21,1573.2,1580.0,1595.0,1533.1,1556.0,1564.5,1573.83,684626,1077485080.1,23885,137669,20.11,December,2018,1071097377.0,-0.5530129672006168,slight negative
PVR,EQ,2018-12-24,1564.5,1588.0,1609.9,1536.1,1546.8,1543.7,1563.08,900014,1406794647.0,32792,70625,7.85,December,2018,1389351611.8,-1.3294982422499158,negative
PVR,EQ,2018-12-26,1543.7,1538.0,1554.7,1513.85,1554.7,1548.7,1533.08,261487,400881637.1,10742,26010,9.95,December,2018,404964916.90000004,0.3238971302714333,slight or no change
PVR,EQ,2018-12-27,1548.7,1554.9,1590.0,1535.1,1589.0,1583.65,1565.15,338985,530562730.15,17886,65737,19.39,December,2018,536833595.25000006,2.2567314521857007,positive
PVR,EQ,2018-12-28,1583.65,1590.0,1600.8,1575.35,1582.1,1585.1,1591.02,386565,615033246.9,24209,92533,23.94,December,2018,612744181.5,0.09156063524136115,slight or no change
PVR,EQ,2018-12-31,1585.1,1590.0,1611.7,1586.65,1599.0,1604.55,1603.27,485188,777886766.6,17785,133811,27.58,December,2018,778508405.4,1.2270519210144437,positive
PVR,EQ,2019-01-01,1604.55,1600.1,1604.55,1579.15,1599.0,1594.6,1590.54,154865,246318483.3,6842,10158,6.56,January,2019,246947729.0,-0.6201115577576299,slight negative
PVR,EQ,2019-01-02,1594.6,1585.35,1604.9,1577.05,1586.0,1587.55,1590.99,237215,377405997.0,10625,41706,17.58,January,2019,376590673.25,-0.44211714536560587,slight or no change
PVR,EQ,2019-01-03,1587.55,1590.0,1611.5,1518.0,1531.05,1530.7,1559.49,613132,956172321.55,25170,68146,11.11,January,2019,938521152.4,-3.580989575131488,among top losers
PVR,EQ,2019-01-04,1530.7,1535.5,1576.95,1501.1,1573.0,1573.2,1538.69,764568,1176432953.35,31191,116247,15.2,January,2019,1202818377.6000001,2.7765074802377887,positive
PVR,EQ,2019-01-07,1573.2,1583.0,1597.5,1575.45,1581.1,1583.15,1586.08,283601,449815168.65,12241,43705,15.41,January,2019,448982923.15000004,0.6324688532926448,slight positive
PVR,EQ,2019-01-08,1583.15,1583.15,1610.0,1576.25,1602.0,1604.65,1599.24,280240,448171404.8,11774,44672,15.94,January,2019,449687116.0,1.3580519849666794,positive
PVR,EQ,2019-01-09,1604.65,1602.0,1633.25,1601.6,1613.05,1612.7,1617.42,632162,1022473135.6,28296,139704,22.1,January,2019,1019487657.4,0.5016670301934978,slight positive
PVR,EQ,2019-01-10,1612.7,1613.0,1644.8,1605.0,1639.1,1636.25,1633.74,553487,904254097.3,28044,136814,24.72,January,2019,905643103.75,1.4602839957834624,positive
PVR,EQ,2019-01-11,1636.25,1642.0,1648.0,1635.0,1647.9,1644.95,1642.61,404115,663804542.45,24450,96697,23.93,January,2019,664748969.25,0.5317035905271217,slight positive
PVR,EQ,2019-01-14,1644.95,1640.1,1644.65,1626.15,1642.0,1637.05,1634.42,235984,385696582.5,10322,63246,26.8,January,2019,386317607.2,-0.4802577585944934,slight or no change
PVR,EQ,2019-01-15,1637.05,1641.9,1665.0,1641.25,1659.6,1660.55,1656.4,314783,521406703.5,12782,93095,29.57,January,2019,522712910.65,1.435508994838286,positive
PVR,EQ,2019-01-16,1660.55,1660.55,1660.9,1640.0,1645.2,1646.65,1649.06,200576,330762591.5,11209,65652,32.73,January,2019,330278470.40000004,-0.8370720544397914,slight negative
PVR,EQ,2019-01-17,1646.65,1646.0,1655.0,1624.9,1634.0,1634.1,1633.89,224438,366708012.9,13269,78611,35.03,January,2019,366754135.79999995,-0.7621534630917415,slight negative
PVR,EQ,2019-01-18,1634.1,1631.5,1636.9,1611.15,1615.0,1621.05,1621.24,216452,350920877.15,12657,100521,46.44,January,2019,350879514.59999996,-0.7986047365522331,slight negative
PVR,EQ,2019-01-21,1621.05,1615.1,1630.0,1609.1,1612.85,1614.9,1618.46,168269,272336766.5,7874,60971,36.23,January,2019,271737608.1,-0.3793837327657923,slight or no change
PVR,EQ,2019-01-22,1614.9,1613.0,1617.25,1590.1,1595.05,1598.65,1600.44,313939,502441228.3,10233,185912,59.22,January,2019,501878582.35,-1.0062542572295552,negative
PVR,EQ,2019-01-23,1598.65,1601.0,1614.85,1591.2,1613.8,1607.2,1604.66,307882,494045275.9,14441,158771,51.57,January,2019,494827950.40000004,0.5348262596565734,slight positive
PVR,EQ,2019-01-24,1607.2,1616.0,1634.5,1577.0,1605.0,1600.4,1605.4,1643831,2638999352.9,57970,233610,14.21,January,2019,2630787132.4,-0.4230960676953721,slight or no change
PVR,EQ,2019-01-25,1600.4,1622.75,1622.75,1554.35,1570.0,1561.8,1578.33,451491,712602125.05,21107,149952,33.21,January,2019,705138643.8,-2.41189702574357,negative
PVR,EQ,2019-01-28,1561.8,1569.8,1584.9,1540.0,1574.0,1577.2,1566.89,264800,414911983.7,12892,73862,27.89,January,2019,417642560.0,0.9860417467025373,slight positive
PVR,EQ,2019-01-29,1577.2,1578.0,1614.9,1571.1,1600.0,1607.65,1595.85,243283,388244095.8,15539,57994,23.84,January,2019,391113914.95000005,1.930636571138722,positive
PVR,EQ,2019-01-30,1607.65,1604.0,1614.1,1594.0,1596.95,1599.95,1600.08,196820,314928599.15,10471,97286,49.43,January,2019,314902159.0,-0.47895997263086576,slight or no change
PVR,EQ,2019-01-31,1599.95,1597.7,1614.0,1581.5,1605.35,1605.35,1600.21,175903,281481888.3,13267,56914,32.36,January,2019,282385881.05,0.3375105472045892,slight or no change
PVR,EQ,2019-02-01,1605.35,1605.95,1645.0,1558.2,1567.0,1569.6,1596.17,858713,1370651384.8,39593,232404,27.06,February,2019,1347835924.8,-2.2269287071355115,negative
PVR,EQ,2019-02-04,1569.6,1570.0,1597.75,1547.4,1577.15,1577.15,1577.95,228250,360167725.5,16295,46690,20.46,February,2019,359984487.5,0.48101427115190276,slight or no change
PVR,EQ,2019-02-05,1577.15,1580.0,1607.95,1572.15,1595.0,1596.95,1594.62,176760,281864731.55,8739,40306,22.8,February,2019,282276882.0,1.2554290967885073,positive
PVR,EQ,2019-02-06,1596.95,1595.55,1620.0,1583.0,1595.5,1593.5,1593.84,137375,218954141.95,8486,16712,12.17,February,2019,218907062.5,-0.21603682018849213,slight or no change
PVR,EQ,2019-02-07,1593.5,1590.1,1598.1,1561.0,1566.0,1565.25,1570.5,218322,342875654.75,10120,101756,46.61,February,2019,341728510.5,-1.7728271101349224,negative
PVR,EQ,2019-02-08,1565.25,1561.3,1561.3,1501.1,1506.0,1510.1,1522.23,431064,656178459.4,19077,103326,23.97,February,2019,650949746.4,-3.523398818080181,among top losers
PVR,EQ,2019-02-11,1510.1,1510.2,1520.45,1452.6,1498.9,1494.95,1477.66,353463,522296479.1,14601,87888,24.86,February,2019,528409511.85,-1.0032448182239473,negative
PVR,EQ,2019-02-12,1494.95,1500.0,1514.85,1446.9,1455.0,1454.9,1471.11,252452,371383489.0,14810,61190,24.24,February,2019,367292414.8,-2.679019365196156,negative
PVR,EQ,2019-02-13,1454.9,1461.0,1481.0,1445.6,1477.9,1476.15,1466.67,203413,298340512.7,11766,43602,21.44,February,2019,300268099.95000005,1.4605814832634456,positive
PVR,EQ,2019-02-14,1476.15,1478.0,1510.6,1432.0,1488.0,1489.5,1465.74,344831,505434037.0,15810,87273,25.31,February,2019,513625774.5,0.9043796362158352,slight positive
PVR,EQ,2019-02-15,1489.5,1476.7,1502.95,1449.45,1495.0,1494.0,1476.23,363190,536151375.55,16566,84950,23.39,February,2019,542605860.0,0.30211480362538623,slight or no change
PVR,EQ,2019-02-18,1494.0,1497.0,1500.0,1435.0,1443.0,1443.4,1460.26,222317,324640457.85,9977,42324,19.04,February,2019,320892357.8,-3.386880856760366,among top losers
PVR,EQ,2019-02-19,1443.4,1431.3,1507.8,1431.3,1495.5,1490.75,1483.42,575492,853694238.1,20926,194187,33.74,February,2019,857914699.0,3.280448940002767,among top gainers
PVR,EQ,2019-02-20,1490.75,1495.5,1519.0,1464.0,1466.6,1472.5,1487.98,594897,885193821.75,28283,78284,13.16,February,2019,875985832.5,-1.2242159986583956,negative
PVR,EQ,2019-02-21,1472.5,1472.9,1494.0,1472.1,1481.45,1482.25,1481.71,200369,296888608.65,11025,46331,23.12,February,2019,296996950.25,0.6621392190152786,slight positive
PVR,EQ,2019-02-22,1482.25,1482.95,1504.85,1465.5,1489.15,1491.9,1489.22,276039,411083974.65,17025,77342,28.02,February,2019,411822584.1,0.6510372744139126,slight positive
PVR,EQ,2019-02-25,1491.9,1489.9,1504.8,1485.1,1491.3,1491.65,1496.26,163023,243925447.3,6869,40484,24.83,February,2019,243173257.95000002,-0.01675715530531363,slight or no change
PVR,EQ,2019-02-26,1491.65,1472.3,1517.45,1465.7,1509.4,1509.0,1498.36,349990,524411352.6,14950,136958,39.13,February,2019,528134910.0,1.163141487614383,positive
PVR,EQ,2019-02-27,1509.0,1508.9,1545.0,1497.15,1505.0,1507.7,1525.28,573206,874297625.65,25643,160274,27.96,February,2019,864222686.2,-0.08614976805831898,slight or no change
PVR,EQ,2019-02-28,1507.7,1511.0,1522.0,1486.0,1495.05,1502.6,1499.14,242425,363428011.85,9591,38160,15.74,February,2019,364267805.0,-0.3382635802878675,slight or no change
PVR,EQ,2019-03-01,1502.6,1510.6,1524.85,1487.0,1493.0,1491.2,1502.65,174204,261767926.5,7617,40351,23.16,March,2019,259773004.8,-0.7586849460934242,slight negative
PVR,EQ,2019-03-05,1491.2,1498.3,1555.0,1484.4,1543.3,1523.5,1508.43,269972,407233986.9,15823,95737,35.46,March,2019,411302342.0,2.166040772532196,positive
PVR,EQ,2019-03-06,1523.5,1534.95,1539.05,1511.0,1524.6,1526.3,1526.66,213881,326524512.5,10868,46736,21.85,March,2019,326446570.3,0.18378733180177687,slight or no change
PVR,EQ,2019-03-07,1526.3,1521.0,1528.65,1510.35,1522.0,1519.55,1520.19,130947,199064473.4,6710,35765,27.31,March,2019,198980513.85,-0.4422459542684942,slight or no change
PVR,EQ,2019-03-08,1519.55,1522.0,1554.55,1522.0,1541.9,1542.4,1541.8,478283,737417349.45,17199,75223,15.73,March,2019,737703699.2,1.5037346582869926,positive
PVR,EQ,2019-03-11,1542.4,1542.4,1559.8,1535.0,1540.0,1542.65,1546.05,237783,367624122.55,12148,76412,32.14,March,2019,366815944.95000005,0.016208506224058006,slight or no change
PVR,EQ,2019-03-12,1542.65,1542.65,1636.2,1542.25,1632.55,1632.55,1603.13,748504,1199947191.4,30117,182985,24.45,March,2019,1221970205.2,5.827634265711601,among top gainers
PVR,EQ,2019-03-13,1632.55,1632.5,1657.95,1600.55,1626.0,1620.7,1628.38,649563,1057733168.4,34571,130116,20.03,March,2019,1052746754.1,-0.7258583198064272,slight negative
PVR,EQ,2019-03-14,1620.7,1635.0,1645.0,1617.3,1634.05,1634.8,1633.19,289790,473281047.3,17912,60393,20.84,March,2019,473748692.0,0.8699944468439469,slight positive
PVR,EQ,2019-03-15,1634.8,1640.0,1659.0,1623.1,1632.0,1631.1,1643.93,328664,540299202.1,16274,96256,29.29,March,2019,536083850.4,-0.22632737949596082,slight or no change
PVR,EQ,2019-03-18,1631.1,1649.0,1700.8,1637.0,1697.0,1691.3,1681.82,1053030,1771009860.3,42806,145536,13.82,March,2019,1780989639.0,3.690760836245488,among top gainers
PVR,EQ,2019-03-19,1691.3,1702.0,1708.7,1682.45,1688.05,1695.4,1696.69,486289,825081233.25,18024,81636,16.79,March,2019,824454370.6,0.2424170756223143,slight or no change
PVR,EQ,2019-03-20,1695.4,1688.0,1693.4,1622.1,1632.95,1628.45,1648.33,585179,964566676.3,23595,168515,28.8,March,2019,952934742.5500001,-3.948920608705908,among top losers
PVR,EQ,2019-03-22,1628.45,1634.4,1665.0,1601.2,1616.0,1615.4,1627.19,651430,1059999840.35,26732,99486,15.27,March,2019,1052320022.0,-0.8013755411587664,slight negative
PVR,EQ,2019-03-25,1615.4,1605.6,1614.25,1580.0,1589.0,1583.8,1591.12,312885,497837283.55,12324,99400,31.77,March,2019,495547263.0,-1.956171845982424,negative
PVR,EQ,2019-03-26,1583.8,1572.0,1596.0,1551.0,1570.0,1564.05,1567.52,489584,767435060.95,24874,174860,35.72,March,2019,765733855.1999999,-1.247000883949989,negative
PVR,EQ,2019-03-27,1564.05,1582.0,1624.0,1565.0,1606.0,1606.0,1606.48,738814,1186893185.0,27087,91393,12.37,March,2019,1186535284.0,2.68213931779675,positive
PVR,EQ,2019-03-28,1606.0,1616.0,1665.0,1610.0,1638.95,1642.85,1633.3,705354,1152053349.95,27795,194068,27.51,March,2019,1158790818.8999999,2.294520547945189,positive
PVR,EQ,2019-03-29,1642.85,1642.85,1674.0,1631.3,1646.5,1646.7,1651.57,665870,1099730608.6,24120,351059,52.72,March,2019,1096488129.0,0.23434884499498043,slight or no change
PVR,EQ,2019-04-01,1646.7,1664.95,1679.75,1644.1,1647.0,1650.6,1661.19,230689,383217514.4,12771,43731,18.96,April,2019,380775263.4,0.2368373109856048,slight or no change
PVR,EQ,2019-04-02,1650.6,1664.0,1668.95,1637.55,1659.6,1656.75,1657.84,332978,552023722.25,20201,96630,29.02,April,2019,551661301.5,0.37259178480553157,slight or no change
PVR,EQ,2019-04-03,1656.75,1656.0,1662.0,1635.65,1645.0,1640.35,1648.21,193714,319280994.75,13132,43449,22.43,April,2019,317758759.9,-0.9898898445752313,slight negative
PVR,EQ,2019-04-04,1640.35,1640.5,1664.0,1620.6,1659.1,1657.9,1645.18,384609,632752580.85,11069,128348,33.37,April,2019,637643261.1,1.069893620263973,positive
PVR,EQ,2019-04-05,1657.9,1670.0,1682.05,1655.55,1675.0,1678.2,1667.41,281610,469560162.8,15659,47749,16.96,April,2019,472597902.0,1.224440557331552,positive
PVR,EQ,2019-04-08,1678.2,1678.0,1699.0,1669.7,1681.4,1681.9,1686.32,348832,588242546.75,21244,74213,21.27,April,2019,586700540.8000001,0.22047431772136417,slight or no change
PVR,EQ,2019-04-09,1681.9,1681.4,1687.0,1655.0,1674.0,1680.25,1671.04,255249,426531232.1,17103,55951,21.92,April,2019,428882132.25,-0.09810333551341088,slight or no change
PVR,EQ,2019-04-10,1680.25,1680.0,1720.65,1670.0,1698.0,1694.65,1699.61,410044,696916835.55,15931,40871,9.97,April,2019,694881064.6,0.8570153251004298,slight positive
PVR,EQ,2019-04-11,1694.65,1698.9,1733.0,1683.6,1719.0,1718.55,1715.95,797009,1367631321.05,36640,201344,25.26,April,2019,1369699816.95,1.410320715191915,positive
PVR,EQ,2019-04-12,1718.55,1718.55,1720.0,1690.75,1698.0,1696.45,1703.64,408161,695361293.95,21980,125696,30.8,April,2019,692424728.45,-1.2859678217101544,negative
PVR,EQ,2019-04-15,1696.45,1696.5,1717.65,1694.0,1700.0,1699.45,1702.59,282151,480387651.0,16758,103773,36.78,April,2019,479501516.95,0.17683987149637037,slight or no change
PVR,EQ,2019-04-16,1699.45,1700.1,1739.95,1695.3,1715.0,1716.85,1716.5,450635,773516206.7,21550,126591,28.09,April,2019,773672699.75,1.0238606608020229,positive
PVR,EQ,2019-04-18,1716.85,1719.7,1728.3,1660.15,1712.1,1710.05,1693.18,628687,1064477612.8,23806,108619,17.28,April,2019,1075086204.35,-0.39607420566735163,slight or no change
PVR,EQ,2019-04-22,1710.05,1708.9,1708.9,1670.1,1700.0,1694.05,1687.03,272916,460418223.85,11656,28574,10.47,April,2019,462333349.8,-0.9356451565743718,slight negative
PVR,EQ,2019-04-23,1694.05,1700.0,1716.95,1664.75,1669.0,1670.55,1692.24,306991,519501466.4,14776,45178,14.72,April,2019,512843815.05,-1.3872081697706706,negative
PVR,EQ,2019-04-24,1670.55,1679.9,1718.2,1674.95,1706.0,1711.7,1700.05,354233,602213346.5,18204,60319,17.03,April,2019,606340626.1,2.4632606027954917,positive
PVR,EQ,2019-04-25,1711.7,1719.6,1728.8,1703.0,1721.0,1715.1,1717.15,418738,719034553.45,15458,51824,12.38,April,2019,718177543.8,0.19863293801483106,slight or no change
PVR,EQ,2019-04-26,1715.1,1728.85,1729.9,1705.0,1720.0,1718.35,1716.97,307866,528595532.85,14389,37237,12.1,April,2019,529021541.09999996,0.18949332400444163,slight or no change
PVR,EQ,2019-04-30,1718.35,1701.75,1780.0,1696.65,1770.5,1769.45,1753.87,1094199,1919084001.35,33934,426043,38.94,April,2019,1936130420.55,2.9737829894957546,positive
PVR,EQ,2019-05-02,1769.45,1769.0,1813.0,1755.05,1807.0,1805.0,1798.75,947912,1705053459.25,31215,274787,28.99,May,2019,1710981160.0,2.009098872531001,positive
PVR,EQ,2019-05-03,1805.0,1807.0,1815.05,1793.4,1803.65,1808.1,1806.12,493618,891535294.45,18371,110289,22.34,May,2019,892510705.8,0.17174515235456322,slight or no change
PVR,EQ,2019-05-06,1808.1,1771.85,1823.95,1771.85,1795.0,1802.3,1806.75,840671,1518882663.55,28035,243711,28.99,May,2019,1515141343.3,-0.3207787179912547,slight or no change
PVR,EQ,2019-05-07,1802.3,1795.0,1802.15,1772.45,1780.0,1780.1,1790.6,298337,534202792.75,19285,66333,22.23,May,2019,531069693.7,-1.2317594185207836,negative
PVR,EQ,2019-05-08,1780.1,1775.1,1777.45,1742.0,1749.0,1748.5,1758.96,369364,649695027.3,23001,84617,22.91,May,2019,645832954.0,-1.7751811695972064,negative
PVR,EQ,2019-05-09,1748.5,1750.0,1769.25,1740.0,1764.0,1758.45,1757.26,341158,599502153.05,23934,66607,19.52,May,2019,599909285.1,0.5690591935945122,slight positive
PVR,EQ,2019-05-10,1758.45,1772.0,1776.0,1696.7,1715.0,1715.4,1725.13,792063,1366408356.2,34274,55503,7.01,May,2019,1358704870.2,-2.4481787938241073,negative
PVR,EQ,2019-05-13,1715.4,1724.0,1749.5,1706.25,1730.2,1724.0,1730.67,432503,748521172.7,14494,47849,11.06,May,2019,745635172.0,0.5013407951498072,slight positive
